City_ID,City,Country,Date,Lat,Lng,Max Temp,Humidity,Cloudiness,Wind Speed
0,Arraial Do Cabo,BR,2021-04-23 17:26:56,-22.9661,-42.0278,77.0,73,0,21.85
1,Forestville,US,2021-04-23 17:26:56,38.8451,-76.875,62.01,29,40,16.11
2,Busselton,AU,2021-04-23 17:26:57,-33.65,115.3333,61.0,79,59,6.67
3,Kavieng,PG,2021-04-23 17:26:57,-2.5744,150.7967,76.33,86,100,10.58
4,Souillac,MU,2021-04-23 17:26:57,-20.5167,57.5167,78.8,83,40,9.22
5,Bethel,US,2021-04-23 17:26:58,41.3712,-73.414,55.99,26,1,17.27
6,Hobart,AU,2021-04-23 17:26:01,-42.8794,147.3294,51.8,66,88,17.27
7,Lebu,CL,2021-04-23 17:26:58,-37.6167,-73.65,58.35,71,60,4.68
8,Ilulissat,GL,2021-04-23 17:26:47,69.2167,-51.1,41.0,48,20,16.11
9,Vao,NC,2021-04-23 17:26:58,-22.6667,167.4833,75.6,79,87,8.61
10,Majene,ID,2021-04-23 17:26:59,-3.5403,118.9707,79.74,78,100,2.71
11,Cayenne,GF,2021-04-23 17:26:59,4.9333,-52.3333,80.6,83,75,13.8
12,Norman Wells,CA,2021-04-23 17:17:23,65.282,-126.8329,23.0,63,20,4.61
13,Kapaa,US,2021-04-23 17:24:22,22.0752,-159.319,73.4,78,40,12.66
14,Hilliard,US,2021-04-23 17:27:00,40.0334,-83.1582,57.99,35,1,9.22
15,Beloha,MG,2021-04-23 17:20:53,-25.1667,45.05,74.62,70,49,14.81
16,Rundu,NA,2021-04-23 17:27:00,-17.9333,19.7667,70.52,29,2,4.18
17,Labrea,BR,2021-04-23 17:27:00,-7.2586,-64.7981,84.31,79,88,2.48
18,Hilo,US,2021-04-23 17:26:29,19.7297,-155.09,71.6,73,75,3.44
19,Nikolskoye,RU,2021-04-23 17:27:01,59.7035,30.7861,45.0,65,75,4.47
20,Dikson,RU,2021-04-23 17:27:01,73.5069,80.5464,32.36,97,100,20.85
21,Mataura,NZ,2021-04-23 17:17:16,-46.1927,168.8643,44.01,95,30,1.99
22,Wana,PK,2021-04-23 17:27:02,32.2989,69.5725,63.23,44,0,2.89
23,Narsaq,GL,2021-04-23 17:27:02,60.9167,-46.05,48.2,43,40,9.22
24,Wamba,NG,2021-04-23 17:17:18,8.9333,8.6,94.03,38,53,6.98
25,Hambantota,LK,2021-04-23 17:19:21,6.1241,81.1185,80.67,80,48,10.94
26,Winslow,US,2021-04-23 17:27:03,35.0242,-110.6974,66.2,19,1,19.57
27,Astaneh-Ye Ashrafiyeh,IR,2021-04-23 17:27:03,37.2596,49.9444,59.04,73,97,3.83
28,Tuy Hoa,VN,2021-04-23 17:27:03,13.0833,109.3,76.95,91,33,3.49
29,Abu Samrah,SY,2021-04-23 17:20:45,35.3029,37.1841,73.54,22,4,5.23
30,Cape Town,ZA,2021-04-23 17:27:04,-33.9258,18.4232,64.99,82,0,5.75
31,Vaini,TO,2021-04-23 17:14:41,-21.2,-175.2,73.4,25,20,3.44
32,Geraldton,AU,2021-04-23 17:27:04,-28.7667,114.6,60.8,82,40,8.12
33,Mahebourg,MU,2021-04-23 17:27:04,-20.4081,57.7,78.8,83,40,9.22
34,Itarema,BR,2021-04-23 17:27:05,-2.9248,-39.9167,84.79,68,30,11.52
35,Punta Arenas,CL,2021-04-23 17:27:05,-53.15,-70.9167,48.2,93,75,4.61
36,Kendari,ID,2021-04-23 17:20:10,-3.945,122.4989,74.34,95,27,3.87
37,Ushuaia,AR,2021-04-23 17:27:06,-54.8,-68.3,42.8,87,90,3.44
38,Doha,QA,2021-04-23 17:26:28,25.2867,51.5333,87.01,54,0,3.44
39,Kloulklubed,PW,2021-04-23 17:19:49,7.0419,134.2556,75.2,94,75,5.82
40,Yellowknife,CA,2021-04-23 17:19:04,62.456,-114.3525,15.01,62,90,11.5
41,Oranjestad,AW,2021-04-23 17:27:06,12.524,-70.027,86.0,66,40,25.32
42,Antalaha,MG,2021-04-23 17:19:17,-14.9003,50.2788,73.35,92,98,5.57
43,Mae Hong Son,TH,2021-04-23 17:27:07,19.3003,97.9685,80.19,64,31,2.13
44,Buchanan,LR,2021-04-23 17:27:07,5.8808,-10.0467,87.8,70,75,4.72
45,Basco,PH,2021-04-23 17:27:07,20.4487,121.9702,76.46,83,4,11.74
46,Saint-Pierre,RE,2021-04-23 17:27:08,-21.3393,55.4781,77.0,78,90,18.41
47,Tuktoyaktuk,CA,2021-04-23 17:17:24,69.4541,-133.0374,10.4,79,75,8.05
48,Tiksi,RU,2021-04-23 17:18:51,71.6872,128.8694,-0.63,100,62,5.99
49,Khatanga,RU,2021-04-23 17:18:50,71.9667,102.5,34.03,92,100,21.03
50,Jamestown,US,2021-04-23 17:27:08,42.097,-79.2353,55.99,37,1,9.22
51,Saint-Philippe,RE,2021-04-23 17:27:09,-21.3585,55.7679,77.0,78,90,18.41
52,Puerto Escondido,MX,2021-04-23 17:12:50,15.85,-97.0667,87.8,70,20,5.75
53,Chengde,CN,2021-04-23 17:19:52,40.9725,117.9361,50.76,85,4,1.79
54,Severo-Kurilsk,RU,2021-04-23 17:27:09,50.6789,156.125,34.68,93,100,6.17
55,Rikitea,PF,2021-04-23 17:22:47,-23.1203,-134.9692,79.12,70,96,19.22
56,Elko,US,2021-04-23 17:27:10,41.0002,-115.5012,55.4,21,1,14.97
57,Castro,BR,2021-04-23 17:27:10,-24.7911,-50.0119,70.92,44,3,0.81
58,Kyzyl-Suu,KG,2021-04-23 17:27:10,42.3414,78.0056,34.21,46,0,9.35
59,Esperance,AU,2021-04-23 17:18:48,-33.8667,121.9,55.4,94,100,8.05
60,Pacific Grove,US,2021-04-23 17:24:31,36.6177,-121.9166,57.2,62,90,4.61
61,Darovskoy,RU,2021-04-23 17:27:11,58.77,47.9564,43.9,85,18,5.5
62,Mecca,SA,2021-04-23 17:27:11,21.4267,39.8261,88.38,30,75,5.66
63,Thompson,CA,2021-04-23 17:26:33,55.7435,-97.8558,24.8,42,40,9.22
64,Faya,SA,2021-04-23 17:20:55,18.3851,42.4509,66.2,55,40,4.61
65,Stepnyak,KZ,2021-04-23 17:27:12,52.8339,70.7803,37.81,47,99,9.89
66,Mar Del Plata,AR,2021-04-23 17:23:20,-38.0023,-57.5575,75.2,73,40,6.91
67,Cedral,MX,2021-04-23 17:27:12,23.8,-100.7333,83.46,8,35,15.95
68,Santiago Del Estero,AR,2021-04-23 17:25:30,-27.7951,-64.2615,69.04,90,100,4.38
69,Victoria,HK,2021-04-23 17:14:45,22.2855,114.1577,80.01,83,6,1.01
70,Carnarvon,AU,2021-04-23 17:27:13,-24.8667,113.6333,69.8,83,1,8.05
71,Hasaki,JP,2021-04-23 17:27:13,35.7333,140.8333,48.2,81,0,6.91
72,Chulym,RU,2021-04-23 17:27:13,55.0997,80.9572,33.62,81,18,6.42
73,Xuddur,SO,2021-04-23 17:27:14,4.1213,43.8894,79.09,67,98,9.91
74,Albany,US,2021-04-23 17:15:56,42.6001,-73.9662,57.0,27,17,5.01
75,Adrar,MR,2021-04-23 17:27:14,20.5022,-10.0711,97.23,5,0,10.56
76,Skibbereen,IE,2021-04-23 17:27:15,51.55,-9.2667,53.6,62,40,20.71
77,Rawson,AR,2021-04-23 17:27:15,-43.3002,-65.1023,63.79,54,10,20.27
78,Provideniya,RU,2021-04-23 17:27:15,64.3833,-173.3,33.06,69,99,2.06
79,Qaanaaq,GL,2021-04-23 17:25:23,77.484,-69.3632,23.23,82,100,8.28
80,Felipe Carrillo Puerto,MX,2021-04-23 17:27:16,19.5833,-88.05,91.45,35,71,9.04
81,Omsukchan,RU,2021-04-23 17:19:49,62.5333,155.8,19.94,96,100,1.19
82,Mongu,ZM,2021-04-23 17:27:16,-15.2484,23.1274,77.27,35,78,4.07
83,Bundaberg,AU,2021-04-23 17:27:17,-24.85,152.35,60.01,77,70,6.91
84,Morro Bay,US,2021-04-23 17:27:17,35.3658,-120.8499,55.99,83,68,1.99
85,Port Hawkesbury,CA,2021-04-23 17:27:17,45.6169,-61.3485,41.0,93,90,12.66
86,Sao Filipe,CV,2021-04-23 17:27:17,14.8961,-24.4956,73.26,72,9,13.51
87,Ust-Ishim,RU,2021-04-23 17:27:18,57.6935,71.1665,42.75,58,100,7.23
88,Lorengau,PG,2021-04-23 17:19:21,-2.0226,147.2712,78.75,80,100,4.32
89,Baruun-Urt,MN,2021-04-23 17:27:18,46.6806,113.2792,38.53,32,53,16.87
90,Amga,RU,2021-04-23 17:27:19,60.8953,131.9608,17.26,98,100,2.51
91,Marawi,PH,2021-04-23 17:27:19,7.9986,124.2928,75.99,94,85,5.01
92,Necochea,AR,2021-04-23 17:23:32,-38.5473,-58.7368,66.99,86,100,8.99
93,New Norfolk,AU,2021-04-23 17:18:54,-42.7826,147.0587,51.01,78,95,1.99
94,Waiouru,NZ,2021-04-23 17:27:20,-39.4833,175.6667,49.55,92,98,4.03
95,Karratha,AU,2021-04-23 17:27:20,-20.7377,116.8463,77.79,37,1,6.6
96,Barrow,US,2021-04-23 17:16:13,71.2906,-156.7887,12.2,85,1,3.44
97,Tasiilaq,GL,2021-04-23 17:27:20,65.6145,-37.6368,35.6,60,90,3.44
98,Cranbourne,AU,2021-04-23 17:27:00,-38.1,145.2833,57.0,75,95,7.07
99,Naliya,IN,2021-04-23 17:27:21,23.2667,68.8333,81.81,75,0,14.83
100,Bredasdorp,ZA,2021-04-23 17:18:51,-34.5322,20.0403,57.2,77,48,2.3
101,Suba,PH,2021-04-23 17:27:21,10.8438,121.0102,82.58,75,95,10.83
102,Srisailam,IN,2021-04-23 17:27:22,16.0833,78.8667,82.33,61,88,6.6
103,San Javier,ES,2021-04-23 17:27:22,37.8063,-0.8374,64.99,72,20,11.5
104,Port Macquarie,AU,2021-04-23 17:24:08,-31.4333,152.9167,50.0,87,2,1.99
105,Puerto Ayora,EC,2021-04-23 17:17:25,-0.7393,-90.3518,84.2,70,40,11.5
106,Komsomolskiy,UZ,2021-04-23 17:17:27,40.4272,71.7189,57.2,51,11,6.91
107,Avarua,CK,2021-04-23 17:27:23,-21.2078,-159.775,78.8,83,98,10.36
108,Rio Grande,BR,2021-04-23 17:27:23,-32.035,-52.0986,78.8,61,40,21.85
109,Fuxin,CN,2021-04-23 17:27:23,42.0156,121.6589,51.69,88,100,6.78
110,Vardo,NO,2021-04-23 17:27:24,70.3705,31.1107,35.6,64,75,9.22
111,Masallatah,LY,2021-04-23 17:27:24,32.6167,14.0,61.9,81,82,26.51
112,Hithadhoo,MV,2021-04-23 17:27:24,-0.6,73.0833,82.35,74,22,6.8
113,Lashio,MM,2021-04-23 17:20:33,22.9333,97.75,74.19,42,11,1.45
114,Mitsamiouli,KM,2021-04-23 17:24:42,-11.3847,43.2844,81.3,78,68,15.26
115,Ribeira Grande,PT,2021-04-23 17:18:56,38.5167,-28.7,60.8,67,40,33.38
116,Oriximina,BR,2021-04-23 17:27:25,-1.7656,-55.8661,84.67,68,98,5.68
117,Paamiut,GL,2021-04-23 17:27:25,61.994,-49.6678,34.65,74,1,3.8
118,Likasi,CD,2021-04-23 17:27:26,-10.9814,26.7333,68.92,75,86,3.49
119,Brae,GB,2021-04-23 17:27:26,60.3964,-1.353,50.0,62,20,6.91
120,Hirara,JP,2021-04-23 17:26:17,24.8,125.2833,72.09,73,87,23.69
121,Birao,CF,2021-04-23 17:27:26,10.2849,22.7882,95.72,14,46,2.13
122,Nelson Bay,AU,2021-04-23 17:27:27,-32.7167,152.15,51.01,100,23,6.91
123,East London,ZA,2021-04-23 17:24:57,-33.0153,27.9116,66.2,82,0,10.36
124,Ancud,CL,2021-04-23 17:19:34,-41.8697,-73.8203,57.2,67,40,11.5
125,College,US,2021-04-23 17:27:27,64.8569,-147.8028,44.6,52,20,5.75
126,Cherskiy,RU,2021-04-23 17:18:57,68.75,161.3,16.2,92,100,9.19
127,Kapoeta,SS,2021-04-23 17:27:28,4.7717,33.5903,86.61,40,77,11.14
128,Minudasht,IR,2021-04-23 17:27:28,37.2289,55.3747,59.0,94,90,9.22
129,Richards Bay,ZA,2021-04-23 17:19:28,-28.783,32.0377,67.77,78,81,10.89
130,Klaksvik,FO,2021-04-23 17:18:47,62.2266,-6.589,46.4,87,40,3.44
131,Lavrentiya,RU,2021-04-23 17:21:02,65.5833,-171.0,23.32,72,94,2.66
132,Kaitangata,NZ,2021-04-23 17:19:15,-46.2817,169.8464,51.01,88,35,1.01
133,Alofi,NU,2021-04-23 17:20:37,-19.0595,-169.9187,71.6,100,9,1.14
134,Saint-Augustin,CA,2021-04-23 17:27:29,51.226,-58.6502,37.15,64,100,17.09
135,Kropotkin,RU,2021-04-23 17:20:54,45.4375,40.5756,55.56,62,74,3.98
136,Dunedin,NZ,2021-04-23 17:18:55,-45.8742,170.5036,52.0,88,51,3.0
137,Road Town,VG,2021-04-23 17:16:51,18.4167,-64.6167,84.2,65,20,9.22
138,Rudraprayag,IN,2021-04-23 17:27:29,30.2833,78.9833,60.35,87,100,5.23
139,Asau,RO,2021-04-23 17:22:31,46.4333,26.4,42.01,65,83,1.79
140,Jalu,LY,2021-04-23 17:19:20,29.0331,21.5482,87.06,11,88,10.56
141,Hermanus,ZA,2021-04-23 17:27:30,-34.4187,19.2345,57.0,84,76,2.51
142,Buluang,PH,2021-04-23 17:27:30,13.3068,123.3425,76.98,91,95,4.25
143,Marabba,SD,2021-04-23 17:25:09,12.35,32.1833,100.6,16,54,6.08
144,Bluff,NZ,2021-04-23 17:27:31,-46.6,168.3333,44.01,95,28,1.99
145,Muros,ES,2021-04-23 17:27:31,42.7762,-9.0603,66.0,68,83,12.41
146,Ostrovnoy,RU,2021-04-23 17:27:31,68.0531,39.5131,33.78,87,100,11.23
147,Las Cruces,US,2021-04-23 17:23:08,32.3123,-106.7783,66.2,16,1,19.57
148,Hofn,IS,2021-04-23 17:27:32,64.2539,-15.2082,46.4,76,90,2.51
149,Whitianga,NZ,2021-04-23 17:27:32,-36.8333,175.7,57.0,99,14,4.79
150,Bridgetown,BB,2021-04-23 17:27:32,13.1,-59.6167,86.0,54,20,20.71
151,Ulaangom,MN,2021-04-23 17:27:33,49.9811,92.0667,33.31,60,31,1.61
152,Cidreira,BR,2021-04-23 17:27:33,-30.1811,-50.2056,72.7,69,83,16.02
153,Meulaboh,ID,2021-04-23 17:19:55,4.1363,96.1285,77.74,85,100,2.66
154,Boueni,YT,2021-04-23 17:27:34,-12.9025,45.0761,78.8,94,75,13.8
155,Waipawa,NZ,2021-04-23 17:19:53,-41.4122,175.5153,60.8,82,40,10.36
156,Riviere-Au-Renard,CA,2021-04-23 17:27:34,48.9957,-64.3971,41.0,75,75,13.8
157,Husavik,IS,2021-04-23 17:27:35,66.0449,-17.3389,51.8,58,0,10.36
158,Sidi Ali,DZ,2021-04-23 17:27:35,36.0998,0.4206,62.42,68,100,16.02
159,Duku,NG,2021-04-23 17:27:35,11.2361,4.9073,101.12,22,81,3.29
160,Lazaro Cardenas,MX,2021-04-23 17:23:03,17.9583,-102.2,85.3,38,97,5.68
161,Shestakovo,RU,2021-04-23 17:27:36,56.4915,103.96,23.27,93,62,1.92
162,Broken Hill,AU,2021-04-23 17:27:36,-31.95,141.4333,53.6,62,92,4.61
163,Yichang,CN,2021-04-23 17:25:27,30.7144,111.2847,63.05,93,100,3.76
164,Rabo De Peixe,PT,2021-04-23 17:27:36,37.8,-25.5833,60.8,67,40,28.77
165,Banjar,ID,2021-04-23 17:24:23,-8.19,114.9675,78.8,89,20,4.61
166,Guanica,PR,2021-04-23 17:27:37,17.9716,-66.908,88.0,51,8,8.01
167,Eureka,US,2021-04-23 17:19:42,40.8021,-124.1637,55.0,78,90,3.0
168,Butaritari,KI,2021-04-23 17:27:37,3.0707,172.7902,81.37,77,97,8.66
169,Okato,NZ,2021-04-23 17:27:38,-39.2,173.8833,54.0,89,51,3.0
170,Okaihau,NZ,2021-04-23 17:27:38,-35.3167,173.7833,60.01,95,33,3.0
171,Susehri,TR,2021-04-23 17:27:38,40.1644,38.0867,58.06,36,22,2.37
172,Saint Pete Beach,US,2021-04-23 17:27:39,27.7253,-82.7412,82.0,57,1,11.5
173,Itoman,JP,2021-04-23 17:20:29,26.1247,127.6694,69.8,83,75,16.11
174,Gerash,IR,2021-04-23 17:27:39,27.6652,54.1371,87.8,22,0,4.61
175,Xichang,CN,2021-04-23 17:27:39,27.8964,102.2634,64.72,38,14,2.21
176,Sturgeon Bay,US,2021-04-23 17:27:40,44.8342,-87.377,62.6,33,1,12.66
177,Krasnoselkup,RU,2021-04-23 17:19:18,65.7,82.4667,31.21,86,19,18.92
178,Airai,TL,2021-04-23 17:18:53,-8.9266,125.4092,57.38,91,43,2.51
179,Fortuna,US,2021-04-23 17:27:40,40.5982,-124.1573,57.99,87,20,3.44
180,Touros,BR,2021-04-23 17:19:23,-5.1989,-35.4608,87.8,58,20,12.66
181,Trinidad,BO,2021-04-23 17:27:41,-14.8333,-64.9,87.8,70,40,13.8
182,Praya,CV,2021-04-23 17:20:30,14.9215,-23.5087,77.0,57,20,23.02
183,Ketchikan,US,2021-04-23 17:27:41,55.3422,-131.6461,48.2,49,1,8.05
184,Yulara,AU,2021-04-23 17:27:41,-25.2406,130.9889,57.2,54,0,8.05
185,Bengkulu,ID,2021-04-23 17:27:42,-3.8004,102.2655,74.91,90,80,4.0
186,Sisimiut,GL,2021-04-23 17:20:20,66.9395,-53.6735,37.87,59,68,5.21
187,Kenai,US,2021-04-23 17:19:39,60.5544,-151.2583,42.8,56,1,5.75
188,Ponta Do Sol,PT,2021-04-23 17:19:00,32.6667,-17.1,64.0,75,38,11.01
189,Kavaratti,IN,2021-04-23 17:27:42,10.5669,72.642,84.13,70,1,8.16
190,Redlands,US,2021-04-23 17:27:43,34.0556,-117.1825,62.01,63,90,6.35
191,Bambous Virieux,MU,2021-04-23 17:27:43,-20.3428,57.7575,79.0,83,40,9.22
192,Cadillac,US,2021-04-23 17:27:43,44.2519,-85.4012,62.6,23,1,12.66
193,Bingol,TR,2021-04-23 17:27:44,38.8847,40.4939,59.02,35,16,5.1
194,Saint Anthony,US,2021-04-23 17:27:44,45.0205,-93.218,51.01,57,90,11.5
195,Upernavik,GL,2021-04-23 17:24:59,72.7868,-56.1549,32.95,69,100,5.66
196,Tautira,PF,2021-04-23 17:28:38,-17.7333,-149.15,77.0,83,40,1.14
197,Kirakira,SB,2021-04-23 17:27:13,-10.4544,161.9205,78.93,83,78,2.66
198,Atakpame,TG,2021-04-23 17:28:38,7.5333,1.1333,92.14,43,94,0.81
199,Leningradskiy,RU,2021-04-23 17:28:38,69.3833,178.4167,24.49,94,100,4.97
200,Conde,BR,2021-04-23 17:28:39,-7.2597,-34.9075,86.0,70,75,12.66
201,Broome,US,2021-04-23 17:26:24,42.2506,-75.833,54.0,37,1,19.57
202,Havelock,US,2021-04-23 17:27:02,34.8791,-76.9013,62.6,31,1,4.61
203,Saldanha,ZA,2021-04-23 17:28:39,-33.0117,17.9442,62.6,67,48,6.91
204,Altay,CN,2021-04-23 17:28:40,47.8667,88.1167,25.48,52,33,5.01
205,Pisco,PE,2021-04-23 17:28:40,-13.7,-76.2167,71.01,73,0,11.5
206,Glendive,US,2021-04-23 17:28:40,47.1053,-104.7125,37.99,51,40,12.66
207,Nouadhibou,MR,2021-04-23 17:19:08,20.931,-17.0347,71.6,68,0,19.57
208,La Ronge,CA,2021-04-23 17:28:41,55.1001,-105.2842,26.6,43,71,12.66
209,Saskylakh,RU,2021-04-23 17:28:41,71.9167,114.0833,31.42,98,100,11.65
210,Atuona,PF,2021-04-23 17:28:41,-9.8,-139.0333,80.28,79,25,21.74
211,Zaysan,KZ,2021-04-23 17:18:54,47.4667,84.8667,29.89,59,62,6.58
212,Nome,US,2021-04-23 17:28:42,64.5011,-165.4064,35.6,64,1,9.22
213,Georgetown,MY,2021-04-23 17:15:05,5.4112,100.3354,78.8,94,40,2.3
214,Vaitape,PF,2021-04-23 17:28:42,-16.5167,-151.75,80.17,75,45,11.83
215,Awbari,LY,2021-04-23 17:24:44,26.5921,12.7805,97.56,7,29,14.74
216,Pucallpa,PE,2021-04-23 17:28:43,-8.3791,-74.5539,87.8,66,75,8.05
217,Fairbanks,US,2021-04-23 17:19:15,64.8378,-147.7164,44.6,42,1,9.22
218,Lahat,ID,2021-04-23 17:28:43,-3.8,103.5333,71.51,96,98,2.86
219,Kaga,JP,2021-04-23 17:28:43,36.2997,136.3145,50.0,87,75,2.3
220,Ahipara,NZ,2021-04-23 17:19:29,-35.1667,173.1667,61.52,86,11,10.74
221,Balassagyarmat,HU,2021-04-23 17:28:44,48.073,19.2961,55.0,50,52,10.4
222,Uruguaiana,BR,2021-04-23 17:19:18,-29.7547,-57.0883,87.8,42,20,9.22
223,Chuy,UY,2021-04-23 17:28:44,-33.6971,-53.4616,73.99,62,34,12.15
224,Marquette,US,2021-04-23 17:28:17,46.5333,-87.6335,60.8,20,90,18.41
225,Ribas Do Rio Pardo,BR,2021-04-23 17:28:45,-20.4431,-53.7592,89.64,22,2,6.08
226,Chalmette,US,2021-04-23 17:28:45,29.9427,-89.9634,75.99,53,75,18.41
227,Egvekinot,RU,2021-04-23 17:28:45,66.3167,-179.1667,18.57,63,100,5.7
228,Kodiak,US,2021-04-23 17:28:46,57.79,-152.4072,41.0,87,90,6.91
229,Nizwa,OM,2021-04-23 17:28:46,22.9333,57.5333,88.41,13,87,3.78
230,Luderitz,NA,2021-04-23 17:28:46,-26.6481,15.1594,64.56,79,1,13.35
231,Tucuman,AR,2021-04-23 17:25:29,-26.8241,-65.2226,69.8,83,90,3.44
232,Laguna,US,2021-04-23 17:28:47,38.421,-121.4238,62.01,67,20,3.44
233,Saint George,US,2021-04-23 17:26:13,37.1041,-113.5841,71.01,20,1,9.46
234,Langsa,ID,2021-04-23 17:28:47,4.4683,97.9683,73.2,97,100,3.91
235,Liseleje,DK,2021-04-23 17:28:48,56.0053,11.9483,46.0,57,9,5.73
236,Verkhnevilyuysk,RU,2021-04-23 17:28:48,63.4453,120.3167,17.98,95,90,5.3
237,Kulhudhuffushi,MV,2021-04-23 17:28:48,6.6221,73.07,83.84,71,28,6.93
238,Prainha,BR,2021-04-23 17:28:48,-1.8,-53.48,85.62,62,93,0.67
239,Zaozerne,UA,2021-04-23 17:28:49,45.1582,33.2787,54.0,53,100,18.43
240,Candolim,IN,2021-04-23 17:24:18,15.5181,73.7626,84.2,70,20,5.75
241,Camacha,PT,2021-04-23 17:28:49,33.0833,-16.3333,69.8,56,20,19.57
242,Presidencia Roque Saenz Pena,AR,2021-04-23 17:28:50,-26.7852,-60.4388,73.9,77,78,8.48
243,Hamilton,US,2021-04-23 17:15:37,39.1834,-84.5333,57.0,35,90,13.8
244,Port Alfred,ZA,2021-04-23 17:28:50,-33.5906,26.891,68.94,73,2,25.14
245,Nago,JP,2021-04-23 17:28:50,26.5881,127.9761,69.8,78,90,18.41
246,Yongan,CN,2021-04-23 17:28:51,39.6957,113.6871,52.88,75,99,6.11
247,Rudnyy,KZ,2021-04-23 17:28:51,52.9594,63.1206,51.8,32,0,8.95
248,Bathsheba,BB,2021-04-23 17:28:51,13.2167,-59.5167,86.0,54,20,20.71
249,Zhigansk,RU,2021-04-23 17:19:44,66.7697,123.3711,11.59,90,91,11.14
250,Kang,BW,2021-04-23 17:25:03,-23.6752,22.7876,68.43,25,0,3.56
251,Nanortalik,GL,2021-04-23 17:19:09,60.1432,-45.2371,37.98,80,31,6.73
252,Nawabganj,BD,2021-04-23 17:28:52,24.5911,88.271,88.27,14,67,8.3
253,Moussoro,TD,2021-04-23 17:28:52,13.6408,16.4901,101.7,11,74,7.25
254,Jabinyanah,TN,2021-04-23 17:28:53,35.035,10.9081,71.6,53,20,18.41
255,Dingle,PH,2021-04-23 17:20:05,10.9995,122.6711,77.27,81,100,6.15
256,Raudeberg,NO,2021-04-23 17:28:53,61.9875,5.1352,41.0,65,40,13.8
257,Neiafu,TO,2021-04-23 17:28:53,-18.65,-173.9833,69.8,94,20,11.05
258,San Blas,MX,2021-04-23 17:28:54,21.5167,-105.2667,82.4,23,20,3.44
259,Kruisfontein,ZA,2021-04-23 17:19:26,-34.0033,24.7314,71.01,69,1,4.0
260,Sola,VU,2021-04-23 17:28:54,-13.8833,167.55,82.71,75,96,14.61
261,Republic,US,2021-04-23 17:28:54,37.12,-93.4802,57.0,62,90,14.97
262,Mineiros,BR,2021-04-23 17:28:55,-17.5694,-52.5511,82.92,30,1,4.36
263,Carutapera,BR,2021-04-23 17:28:55,-1.195,-46.02,81.32,87,97,5.19
264,Constitucion,CL,2021-04-23 17:28:55,-35.3333,-72.4167,62.82,60,37,4.47
265,Riverton,US,2021-04-23 17:26:12,40.5219,-111.9391,57.99,41,75,16.11
266,Aklavik,CA,2021-04-23 17:25:24,68.2191,-135.0107,26.6,63,20,4.61
267,Coquimbo,CL,2021-04-23 17:28:56,-29.9533,-71.3436,62.6,67,90,4.61
268,Tilichiki,RU,2021-04-23 17:26:25,60.4667,166.1,9.57,94,67,6.64
269,Boca Do Acre,BR,2021-04-23 17:28:56,-8.7522,-67.3978,92.23,48,84,3.2
270,Tura,IN,2021-04-23 17:20:30,25.5198,90.2201,76.03,31,41,4.29
271,Serpukhov,RU,2021-04-23 17:28:57,54.9214,37.4108,43.0,91,100,4.12
272,Sitka,US,2021-04-23 17:19:41,57.0531,-135.33,46.4,57,1,5.75
273,Tiarei,PF,2021-04-23 17:28:57,-17.5333,-149.3333,77.0,83,40,1.14
274,Jianhu,CN,2021-04-23 17:28:58,29.9799,120.5712,66.2,88,40,8.95
275,Chokurdakh,RU,2021-04-23 17:28:58,70.6333,147.9167,-13.76,99,48,2.75
276,San Patricio,US,2021-04-23 17:28:58,28.017,-97.5169,77.0,88,90,17.27
277,Livingstone,ZM,2021-04-23 17:28:59,-17.8419,25.8543,70.2,44,4,5.86
278,Bud,US,2021-04-23 17:28:59,39.447,-86.1758,57.0,47,81,9.04
279,Carroll,US,2021-04-23 17:28:59,39.5501,-77.0164,57.99,33,1,12.66
280,Meylan,FR,2021-04-23 17:29:00,45.2199,5.7901,68.0,34,0,4.61
281,Sarh,TD,2021-04-23 17:29:00,9.1429,18.3923,87.8,48,20,6.91
282,Pasni,PK,2021-04-23 17:29:00,25.2631,63.471,82.45,71,1,9.71
283,Dongsheng,CN,2021-04-23 17:29:01,39.8161,109.9776,54.03,51,100,15.99
284,Kota,IN,2021-04-23 17:29:01,25.1833,75.8333,91.53,14,72,7.05
285,Petropavl,KZ,2021-04-23 17:19:35,54.8753,69.1628,42.01,46,100,9.78
286,Ghanzi,BW,2021-04-23 17:29:01,-21.5667,21.7833,67.86,25,0,3.56
287,Puro,PH,2021-04-23 17:29:02,12.4841,123.3827,80.4,80,100,10.07
288,Oksfjord,NO,2021-04-23 17:19:14,70.2396,22.3479,37.99,56,20,14.97
289,Biak,ID,2021-04-23 17:20:11,-0.9131,122.8766,77.32,81,95,6.15
290,Montepuez,MZ,2021-04-23 17:29:02,-13.1256,38.9997,71.78,79,73,5.84
291,Inhambane,MZ,2021-04-23 17:24:19,-23.865,35.3833,71.56,73,4,7.34
292,Guerrero Negro,MX,2021-04-23 17:19:56,27.9769,-114.0611,63.28,62,90,16.42
293,Nanakuli,US,2021-04-23 17:29:03,21.3906,-158.1547,71.6,68,1,6.91
294,Northam,GB,2021-04-23 17:21:19,51.0333,-4.2167,52.0,43,62,1.99
295,Aswan,EG,2021-04-23 17:28:30,24.0934,32.907,95.14,10,1,12.39
296,Melton,AU,2021-04-23 17:29:03,-37.6833,144.5833,55.99,69,98,5.84
297,Lata,PT,2021-04-23 17:29:04,40.1629,-8.3327,62.01,94,75,12.66
298,Flic En Flac,MU,2021-04-23 17:29:04,-20.2742,57.3631,79.0,83,40,9.22
299,Manokwari,ID,2021-04-23 17:29:04,-0.8667,134.0833,78.82,80,95,3.78
300,Vanimo,PG,2021-04-23 17:29:05,-2.6741,141.3028,77.54,88,92,3.89
301,Dakar,SN,2021-04-23 17:29:05,14.6937,-17.4441,73.4,73,0,13.8
302,Plettenberg Bay,ZA,2021-04-23 17:29:05,-34.0527,23.3716,63.84,90,4,5.28
303,Sinnamary,GF,2021-04-23 17:29:06,5.3833,-52.95,80.47,84,72,13.47
304,Harper,LR,2021-04-23 17:20:39,4.375,-7.7169,84.56,73,94,10.49
305,Palauig,PH,2021-04-23 17:29:06,15.435,119.9045,77.5,77,8,8.46
306,Wegorzewo,PL,2021-04-23 17:29:06,54.2157,21.7372,36.55,67,65,15.37
307,Huanren,CN,2021-04-23 17:29:07,41.2647,125.3667,50.45,87,100,3.94
308,Maneadero,MX,2021-04-23 17:29:07,31.7167,-116.5667,62.01,80,41,5.01
309,Marica,BR,2021-04-23 17:29:07,-22.9194,-42.8186,82.4,61,20,16.11
310,Xining,CN,2021-04-23 17:29:08,36.6167,101.7667,51.94,80,100,5.12
311,Mlonggo,ID,2021-04-23 17:29:08,-6.5333,110.7,77.45,79,88,3.18
312,Ferrol,ES,2021-04-23 17:29:08,43.4832,-8.2369,64.4,77,98,5.75
313,Faanui,PF,2021-04-23 17:29:09,-16.4833,-151.75,80.2,75,46,11.79
314,Kedrovyy,RU,2021-04-23 17:29:09,56.1667,91.8167,28.4,59,0,4.47
315,Dubbo,AU,2021-04-23 17:29:09,-32.25,148.6167,41.0,87,60,1.14
316,Indramayu,ID,2021-04-23 17:29:10,-6.3264,108.32,80.96,71,63,3.87
317,Dawson Creek,CA,2021-04-23 17:29:10,55.7666,-120.2362,37.4,44,40,5.75
318,Pio Xii,BR,2021-04-23 17:29:10,-3.8325,-45.1525,84.36,78,66,4.32
319,Clyde River,CA,2021-04-23 17:19:23,70.4692,-68.5914,19.4,93,40,10.36
320,Torbay,CA,2021-04-23 17:19:58,47.6666,-52.7314,48.0,53,75,25.32
321,Mpulungu,ZM,2021-04-23 17:29:11,-8.7623,31.1141,72.84,83,46,6.35
322,Linxia,CN,2021-04-23 17:29:11,35.6003,103.2064,54.1,87,99,5.55
323,Alvaraes,BR,2021-04-23 17:29:11,-3.2208,-64.8042,86.0,84,40,5.75
324,Flinders,AU,2021-04-23 17:29:12,-34.5833,150.8552,52.0,76,15,1.01
325,Santa Barbara,US,2021-04-23 17:26:38,34.7333,-120.0343,61.0,76,90,4.92
326,Mount Gambier,AU,2021-04-23 17:29:12,-37.8333,140.7667,50.0,93,40,8.05
327,Dhidhdhoo,MV,2021-04-23 17:29:12,6.8833,73.1,83.82,72,16,6.53
328,Taoudenni,ML,2021-04-23 17:19:53,22.6783,-3.9836,104.0,5,0,15.73
329,Saint-Leu,RE,2021-04-23 17:24:45,-21.15,55.2833,77.0,78,90,18.41
330,Udachnyy,RU,2021-04-23 17:29:13,66.4167,112.4,28.69,88,100,12.84
331,Puerto Madero,MX,2021-04-23 17:29:13,14.7208,-92.4215,89.6,62,75,4.61
332,Isangel,VU,2021-04-23 17:29:14,-19.55,169.2667,78.01,86,32,10.16
333,Porto Velho,BR,2021-04-23 17:29:14,-8.7619,-63.9039,84.2,74,40,5.75
334,Niquelandia,BR,2021-04-23 17:29:14,-14.4739,-48.4597,88.21,40,5,1.86
335,Martapura,ID,2021-04-23 17:29:15,-3.4167,114.85,75.2,94,94,1.14
336,Lagoa,PT,2021-04-23 17:29:15,39.05,-27.9833,57.67,77,7,33.73
337,Logten,DK,2021-04-23 17:29:15,56.2746,10.3118,48.2,61,75,16.11
338,Governador Valadares,BR,2021-04-23 17:29:16,-18.8511,-41.9494,86.14,49,51,1.16
339,Ahuimanu,US,2021-04-23 17:27:51,21.4447,-157.8378,75.2,69,40,12.66
340,Liberty,US,2021-04-23 17:29:16,31.8335,-81.5004,72.0,30,75,9.22
341,Khani,GE,2021-04-23 17:29:16,41.9563,42.9566,55.4,71,0,5.75
342,Muhos,FI,2021-04-23 17:29:17,64.808,25.9931,35.6,93,90,11.5
343,Yulin,CN,2021-04-23 17:29:17,22.6333,110.15,74.95,86,0,4.94
344,Magadan,RU,2021-04-23 17:29:17,59.5667,150.8,25.36,97,95,6.69
345,Tieli,CN,2021-04-23 17:29:18,46.95,128.05,39.76,76,100,11.81
346,Yarada,IN,2021-04-23 17:29:18,17.65,83.2667,77.0,83,75,2.3
347,Cap Malheureux,MU,2021-04-23 17:29:18,-19.9842,57.6142,79.0,76,100,8.99
348,Oistins,BB,2021-04-23 17:19:27,13.0667,-59.5333,86.0,54,20,20.71
349,Ilhabela,BR,2021-04-23 17:29:19,-23.7781,-45.3581,75.09,71,44,8.99
350,Padang,ID,2021-04-23 17:29:19,-0.9492,100.3543,75.2,94,20,2.3
351,Petropavlovsk-Kamchatskiy,RU,2021-04-23 17:29:19,53.0452,158.6483,33.8,100,20,2.24
352,Nabire,ID,2021-04-23 17:29:20,-3.3667,135.4833,76.37,92,100,3.78
353,Lewistown,US,2021-04-23 17:29:20,40.5992,-77.5714,57.99,36,0,7.0
354,Bairiki,KI,2021-04-23 17:29:20,1.3292,172.9752,80.6,89,40,7.29
355,Sovetskiy,RU,2021-04-23 17:29:21,61.3614,63.5842,40.5,93,100,6.13
356,Sungaipenuh,ID,2021-04-23 17:29:21,-2.0833,101.3833,64.31,94,99,0.63
357,Catuday,PH,2021-04-23 17:29:21,16.2923,119.8062,77.65,77,17,9.37
358,Namatanai,PG,2021-04-23 17:25:06,-3.6667,152.4333,76.68,88,100,3.6
359,Labuhan,ID,2021-04-23 17:19:57,-6.8844,112.2051,77.14,79,82,5.12
360,Lasa,IT,2021-04-23 17:29:22,46.6166,10.7002,73.4,28,0,8.05
361,Asekeyevo,RU,2021-04-23 17:29:22,53.5742,52.7972,47.39,86,100,10.04
362,Prince Rupert,CA,2021-04-23 17:29:23,54.3161,-130.3201,51.8,66,1,4.61
363,Portland,US,2021-04-23 17:15:53,45.5234,-122.6762,55.0,54,75,5.75
364,Rylsk,RU,2021-04-23 17:29:23,51.5655,34.6822,43.68,87,100,6.85
365,Pevek,RU,2021-04-23 17:19:57,69.7008,170.3133,4.46,98,82,3.6
366,Longyearbyen,SJ,2021-04-23 17:19:36,78.2186,15.6401,15.8,67,0,4.61
367,Mataram,ID,2021-04-23 17:29:24,-8.5833,116.1167,78.8,89,20,4.74
368,Katsuura,JP,2021-04-23 17:29:24,35.1333,140.3,55.4,67,0,13.8
369,San Jeronimo,PE,2021-04-23 17:29:24,-11.9472,-75.2829,59.4,53,33,0.34
370,Rodrigues Alves,BR,2021-04-23 17:29:25,-7.738,-72.6509,91.4,62,40,5.75
371,Shimoda,JP,2021-04-23 17:20:13,34.6667,138.95,52.0,71,100,5.64
372,Mekhe,SN,2021-04-23 17:29:25,15.1097,-16.6218,104.0,24,0,4.61
373,Port Hedland,AU,2021-04-23 17:19:47,-20.3167,118.5667,68.0,60,0,8.05
374,Jemnice,CZ,2021-04-23 17:29:26,49.019,15.5699,51.01,50,46,5.99
375,Mackay,AU,2021-04-23 17:29:26,-21.15,149.2,66.2,94,90,11.5
376,Cabo San Lucas,MX,2021-04-23 17:27:37,22.8909,-109.9124,79.0,38,40,6.91
377,Pampa,US,2021-04-23 17:29:26,35.5362,-100.9599,62.6,77,40,13.8
378,Tutoia,BR,2021-04-23 17:29:27,-2.7619,-42.2744,87.8,70,20,9.22
379,Vrangel,RU,2021-04-23 17:29:27,42.7297,133.0839,46.67,62,100,8.57
380,Enterprise,US,2021-04-23 17:25:01,36.0252,-115.2419,79.0,14,20,3.44
381,Adilcevaz,TR,2021-04-23 17:29:28,38.8039,42.7342,51.8,58,0,6.91
382,Westport,US,2021-04-23 17:18:40,41.1415,-73.3579,55.99,28,1,14.97
383,Sinjai,ID,2021-04-23 17:19:32,-5.1241,120.253,74.25,90,34,4.23
384,Floro,NO,2021-04-23 17:26:19,61.5996,5.0328,41.0,65,40,13.8
385,Iqaluit,CA,2021-04-23 17:29:28,63.7506,-68.5145,28.4,80,90,5.75
386,Anadyr,RU,2021-04-23 17:21:22,64.75,177.4833,8.6,85,0,6.71
387,Alice Springs,AU,2021-04-23 17:29:29,-23.7,133.8833,48.2,66,0,5.75
388,Tual,ID,2021-04-23 17:26:18,-5.6667,132.75,84.61,72,84,13.22
389,Port Lincoln,AU,2021-04-23 17:29:29,-34.7333,135.8667,57.61,72,99,5.12
390,Almaty,KZ,2021-04-23 17:29:30,43.25,76.95,33.8,47,20,4.47
391,Nikolayevka,RU,2021-04-23 17:29:30,53.1257,47.2041,49.55,77,100,4.81
392,Rio Gallegos,AR,2021-04-23 17:29:30,-51.6226,-69.2181,51.8,54,0,3.44
393,Trairi,BR,2021-04-23 17:29:31,-3.2778,-39.2689,83.68,71,63,8.86
394,Khipro,PK,2021-04-23 17:29:31,25.8285,69.3772,92.46,19,1,15.5
395,Smirnykh,RU,2021-04-23 17:29:31,49.75,142.8333,35.44,91,95,1.79
396,Kochki,RU,2021-04-23 17:29:31,54.3358,80.4806,34.18,74,33,7.31
397,Chernyshevskiy,RU,2021-04-23 17:29:32,63.0128,112.4714,27.77,93,100,9.15
398,Voh,NC,2021-04-23 17:29:32,-20.9667,164.7,72.9,92,48,3.69
399,Urumqi,CN,2021-04-23 17:29:32,43.801,87.6005,37.4,65,0,8.95
400,Thinadhoo,MV,2021-04-23 17:29:33,0.5333,72.9333,83.19,67,52,8.21
401,Los Llanos De Aridane,ES,2021-04-23 17:28:45,28.6585,-17.9182,75.2,57,40,8.05
402,Buraydah,SA,2021-04-23 17:28:57,26.326,43.975,89.6,14,20,12.66
403,Porto Novo,BJ,2021-04-23 17:24:48,6.4965,2.6036,87.8,74,20,14.97
404,Pak Phanang,TH,2021-04-23 17:29:33,8.3511,100.202,81.43,78,100,4.81
405,Davila,PH,2021-04-23 17:29:34,18.4726,120.5763,78.01,76,57,7.0
406,Dakoro,NE,2021-04-23 17:29:34,14.5106,6.765,90.72,30,40,33.44
407,Mendi,PG,2021-04-23 17:29:34,-6.1761,143.6513,53.96,97,95,3.53
408,Sosnovo,RU,2021-04-23 17:29:35,60.5514,30.2144,43.0,71,79,7.02
409,Snezhnogorsk,RU,2021-04-23 17:29:35,69.1933,33.2531,33.8,64,75,8.95
410,Gladstone,AU,2021-04-23 17:29:35,-23.85,151.25,68.0,56,40,1.14
411,Turukhansk,RU,2021-04-23 17:29:36,65.8167,87.9833,26.22,91,41,10.98
412,Yumen,CN,2021-04-23 17:19:51,40.2833,97.2,42.84,71,100,14.58
413,Antofagasta,CL,2021-04-23 17:28:02,-23.65,-70.4,70.0,68,20,17.27
414,Morropon,PE,2021-04-23 17:29:36,-5.1822,-79.9689,85.14,58,17,5.57
415,Byron Bay,AU,2021-04-23 17:15:10,-28.65,153.6167,52.0,100,0,7.11
416,Cockburn Town,TC,2021-04-23 17:29:37,21.4612,-71.1419,82.4,65,40,9.22
417,Tuma,RU,2021-04-23 17:29:37,55.148,40.5537,51.01,96,71,7.09
418,Zhigalovo,RU,2021-04-23 17:29:37,54.8097,105.1578,23.95,95,88,2.06
419,Jacareacanga,BR,2021-04-23 17:29:38,-6.2222,-57.7528,80.6,83,75,3.76
420,Kaeo,NZ,2021-04-23 17:27:50,-35.1,173.7833,60.01,95,23,3.0
421,Medea,DZ,2021-04-23 17:29:38,36.2642,2.7539,62.6,72,20,11.5
422,Tuatapere,NZ,2021-04-23 17:29:38,-46.1333,167.6833,44.01,95,48,1.99
423,San Cristobal,VE,2021-04-23 17:27:04,7.7669,-72.225,89.6,55,20,14.97
424,Gilgit,PK,2021-04-23 17:20:46,35.9221,74.3087,52.18,32,0,4.72
425,Wasilla,US,2021-04-23 17:25:09,61.5814,-149.4394,46.4,46,1,2.55
426,Kahului,US,2021-04-23 17:29:00,20.8947,-156.47,71.6,78,20,9.22
427,Bonavista,CA,2021-04-23 17:20:12,48.6499,-53.1147,46.4,46,46,17.27
428,Verkhoyansk,RU,2021-04-23 17:21:02,67.5447,133.385,-5.51,99,81,2.04
429,Tocopilla,CL,2021-04-23 17:27:13,-22.092,-70.1979,69.31,64,13,8.12
430,Viedma,AR,2021-04-23 17:20:25,-40.8135,-62.9967,74.28,35,55,7.16
431,Port Blair,IN,2021-04-23 17:20:19,11.6667,92.75,81.39,71,46,7.16
432,Svetlogorsk,BY,2021-04-23 17:19:58,52.6333,29.7333,41.32,71,97,6.2
433,Tateyama,JP,2021-04-23 17:29:40,34.9833,139.8667,53.01,71,94,11.05
434,Yanam,IN,2021-04-23 17:21:20,16.7333,82.2167,82.4,69,75,3.44
435,Mpanda,TZ,2021-04-23 17:29:40,-6.3655,31.0409,66.24,92,40,2.8
436,Sangre Grande,TT,2021-04-23 17:29:41,10.5835,-61.1177,89.6,51,75,16.11
437,Mumbwa,ZM,2021-04-23 17:29:41,-14.9783,27.0619,70.99,49,32,4.32
438,Anda,CN,2021-04-23 17:29:41,46.4,125.3167,47.25,47,100,14.45
439,Autazes,BR,2021-04-23 17:29:42,-3.5797,-59.1306,86.56,66,83,5.08
440,Katangli,RU,2021-04-23 17:19:57,51.7102,143.2326,29.35,97,100,11.92
441,Bullhead City,US,2021-04-23 17:29:42,35.1478,-114.5683,80.01,25,1,9.22
442,Pilar,BR,2021-04-23 17:26:18,-9.5972,-35.9567,87.8,58,40,8.05
443,Mareeba,AU,2021-04-23 17:29:43,-17.0,145.4333,73.4,83,75,12.66
444,Bilma,NE,2021-04-23 17:29:43,18.6853,12.9164,101.17,6,80,7.85
445,Suez,EG,2021-04-23 17:29:43,29.9737,32.5263,69.78,46,33,17.13
446,Francistown,BW,2021-04-23 17:29:44,-21.17,27.5079,60.8,44,0,3.44
447,Port Hardy,CA,2021-04-23 17:26:28,50.6996,-127.4199,50.0,71,75,5.75
448,Baixa Grande,BR,2021-04-23 17:29:44,-11.9597,-40.1681,86.18,57,73,1.28
449,Erenhot,CN,2021-04-23 17:29:44,43.6475,111.9767,55.24,41,18,23.67
450,Mala Bilozerka,UA,2021-04-23 17:29:45,47.2474,34.9346,53.67,67,100,6.46
451,Batagay-Alyta,RU,2021-04-23 17:29:45,67.8006,130.4114,-5.66,91,90,5.97
452,Neyshabur,IR,2021-04-23 17:29:45,36.2133,58.7958,74.97,14,92,3.44
453,Kamaishi,JP,2021-04-23 17:29:46,39.2667,141.8833,45.27,74,3,3.06
454,Sept-Iles,CA,2021-04-23 17:29:46,50.2001,-66.3821,39.0,93,90,10.36
455,Vila Franca Do Campo,PT,2021-04-23 17:29:46,37.7167,-25.4333,60.8,67,40,28.77
456,San Quintin,MX,2021-04-23 17:29:47,30.4833,-115.95,61.14,70,48,15.46
457,Blackfoot,US,2021-04-23 17:27:05,43.1905,-112.345,51.01,43,20,5.75
458,Isiro,CD,2021-04-23 17:29:47,2.7739,27.616,68.11,99,90,2.68
459,Te Anau,NZ,2021-04-23 17:26:18,-45.4167,167.7167,44.1,93,27,2.17
460,Bosaso,SO,2021-04-23 17:29:47,11.2842,49.1816,83.05,73,24,2.33
461,Clonmel,IE,2021-04-23 17:29:48,52.355,-7.7039,57.0,77,96,14.0
462,Whyalla,AU,2021-04-23 17:29:48,-33.0333,137.5833,51.8,87,40,5.75
463,Brora,GB,2021-04-23 17:29:48,58.0099,-3.8518,51.8,54,97,16.11
464,Mehamn,NO,2021-04-23 17:29:49,71.0357,27.8492,32.0,74,20,9.22
465,Okha,RU,2021-04-23 17:29:49,53.5739,142.9478,27.36,81,100,10.98
466,Ziro,IN,2021-04-23 17:29:49,27.6333,93.8333,50.68,84,26,2.3
467,Dolores,AR,2021-04-23 17:29:50,-36.3132,-57.6792,76.53,59,96,9.57
468,Poltavka,RU,2021-04-23 17:29:50,54.3663,71.7632,40.3,46,95,10.29
469,Dire,ML,2021-04-23 17:29:50,12.2833,-10.9667,106.07,13,18,1.57
470,Arman,RU,2021-04-23 17:29:51,59.7,150.1667,26.49,97,98,2.98
471,Kayerkan,RU,2021-04-23 17:29:51,69.3497,87.7602,31.62,95,95,25.64
472,Lodja,CD,2021-04-23 17:29:51,-3.4833,23.4333,70.36,98,99,5.7
473,Madaoua,NE,2021-04-23 17:29:52,14.073,5.96,96.21,23,55,17.25
474,Nyagan,RU,2021-04-23 17:29:52,62.1406,65.3936,40.41,95,100,7.43
475,Sur,OM,2021-04-23 17:29:52,22.5667,59.5289,88.41,35,2,10.54
476,Waingapu,ID,2021-04-23 17:29:53,-9.6567,120.2641,75.47,82,5,5.3
477,Winnemucca,US,2021-04-23 17:29:53,40.973,-117.7357,55.4,16,1,9.22
478,Flin Flon,CA,2021-04-23 17:25:09,54.7682,-101.865,28.4,46,75,10.36
479,Plum,US,2021-04-23 17:29:53,40.5004,-79.7495,59.0,33,26,1.99
480,Toora-Khem,RU,2021-04-23 17:29:54,52.4675,96.11,30.79,81,100,0.38
481,Milas,TR,2021-04-23 17:29:54,37.3164,27.7839,66.2,52,0,3.44
482,Chinsali,ZM,2021-04-23 17:29:54,-10.5414,32.0816,63.39,93,17,6.78
483,Colares,PT,2021-04-23 17:29:55,38.7992,-9.4469,61.0,94,40,12.66
484,Xai-Xai,MZ,2021-04-23 17:29:55,-25.0519,33.6442,69.91,85,59,7.34
485,Merauke,ID,2021-04-23 17:29:55,-8.4667,140.3333,78.21,87,89,5.17
486,Salinopolis,BR,2021-04-23 17:29:56,-0.6136,-47.3561,82.02,80,33,7.38
487,Caravelas,BR,2021-04-23 17:29:56,-17.7125,-39.2481,82.33,63,64,6.8
488,Krasnyy Kut,RU,2021-04-23 17:29:56,50.95,46.9667,53.33,67,100,4.83
489,Ust-Nera,RU,2021-04-23 17:27:20,64.5667,143.2,-3.46,96,93,1.36
490,Salima,MW,2021-04-23 17:29:57,-13.7804,34.4587,69.71,83,7,2.84
491,Dawson,US,2021-04-23 17:26:28,31.7735,-84.4466,73.4,24,40,6.91
492,Kamennogorsk,RU,2021-04-23 17:29:57,60.9545,29.1339,41.0,73,99,6.58
493,Aksay,RU,2021-04-23 17:26:43,47.26,39.87,55.99,71,0,4.47
494,Padra,IN,2021-04-23 17:29:58,22.2333,73.0833,85.5,48,84,14.74
495,Pontianak,ID,2021-04-23 17:29:58,-0.0333,109.3333,77.0,100,90,2.3
496,Clemson,US,2021-04-23 17:25:21,34.6834,-82.8374,60.01,33,90,5.75
497,Garwa,IN,2021-04-23 17:29:58,24.1833,83.8167,84.38,12,57,1.45
498,The Pas,CA,2021-04-23 17:29:59,53.8251,-101.2541,32.0,37,75,17.27
499,Piacabucu,BR,2021-04-23 17:29:59,-10.4056,-36.4344,85.1,63,8,10.83
500,Payo,ID,2021-04-23 17:29:59,-3.7508,103.6372,72.12,97,99,2.19
501,Kostomuksha,RU,2021-04-23 17:30:00,64.571,30.5767,35.02,95,100,2.19
502,Hornostayivka,UA,2021-04-23 17:30:00,47.0078,33.729,52.97,72,100,13.98
503,Nantucket,US,2021-04-23 17:29:16,41.2835,-70.0995,50.0,46,1,26.46
504,Kumluca,TR,2021-04-23 17:30:00,36.3703,30.2869,66.45,62,40,2.82
505,Tazovskiy,RU,2021-04-23 17:26:37,67.4667,78.7,33.24,98,100,16.82
506,Sakakah,SA,2021-04-23 17:26:41,29.9697,40.2064,84.2,11,20,17.27
507,Quelimane,MZ,2021-04-23 17:30:01,-17.8786,36.8883,77.0,78,20,3.44
508,Lhokseumawe,ID,2021-04-23 17:28:10,5.1801,97.1507,76.87,92,100,8.41
509,Loknya,RU,2021-04-23 17:30:02,56.83,30.1467,36.55,79,88,4.83
510,Qobustan,AZ,2021-04-23 17:30:04,40.0824,49.412,55.4,76,0,9.22
511,San Antero,CO,2021-04-23 17:30:04,9.3741,-75.7589,89.4,59,92,9.64
512,Port Elizabeth,ZA,2021-04-23 17:26:13,-33.918,25.5701,66.2,82,0,19.57
513,Labuan,MY,2021-04-23 17:30:05,5.2767,115.2417,78.8,94,20,2.71
514,Bahia Blanca,AR,2021-04-23 17:30:05,-38.7196,-62.2724,71.89,56,57,6.62
515,Pundaguitan,PH,2021-04-23 17:30:05,6.3711,126.1689,83.12,74,79,7.31
516,Groton,US,2021-04-23 17:25:49,41.3501,-72.0784,54.0,32,20,17.27
517,Hami,CN,2021-04-23 17:30:06,42.8,93.45,48.69,30,91,9.33
518,Santa Cruz Do Rio Pardo,BR,2021-04-23 17:30:06,-22.8989,-49.6325,81.32,31,3,2.51
519,Monrovia,LR,2021-04-23 17:30:07,6.3005,-10.7969,87.8,70,75,5.1
520,Erzin,TR,2021-04-23 17:21:21,36.9559,36.2,71.6,49,40,2.3
521,Sambava,MG,2021-04-23 17:30:07,-14.2667,50.1667,74.21,92,93,8.1
522,Qaqortoq,GL,2021-04-23 17:30:07,60.7167,-46.0333,48.2,43,40,9.22
523,Ithaca,US,2021-04-23 17:30:08,42.4406,-76.4966,53.01,37,1,14.97
524,Axim,GH,2021-04-23 17:30:08,4.8699,-2.2405,82.92,77,99,10.63
525,Piuma,BR,2021-04-23 17:30:08,-20.8378,-40.7219,78.33,64,9,7.4
526,Mokrous,RU,2021-04-23 17:30:09,51.2333,47.5167,48.92,76,100,5.82
527,Jiangyou,CN,2021-04-23 17:30:09,31.7667,104.7167,65.01,85,95,2.93
528,Namibe,AO,2021-04-23 17:30:09,-15.1961,12.1522,79.97,74,2,8.99
529,Jega,NG,2021-04-23 17:30:10,12.2175,4.3792,98.33,23,58,3.38
530,Ayni,TJ,2021-04-23 17:30:10,39.3941,68.5377,47.73,53,6,4.65
531,Klyuchi,RU,2021-04-23 17:30:11,52.2667,79.1667,34.48,56,26,7.47
532,Caceres,ES,2021-04-23 17:30:11,39.522,-6.3748,65.34,59,99,6.93
533,Tsogni,GA,2021-04-23 17:30:11,-2.7942,10.0988,77.77,83,54,6.6
534,Alvinopolis,BR,2021-04-23 17:30:12,-20.1067,-43.0489,80.94,46,6,3.76
535,Yerbogachen,RU,2021-04-23 17:30:12,61.2767,108.0108,30.85,83,100,6.46
536,Kununurra,AU,2021-04-23 17:30:12,-15.7667,128.7333,64.4,82,29,1.14
537,Koshki,RU,2021-04-23 17:30:13,54.2091,50.4677,47.37,74,99,8.34
538,Saint-Michel-Des-Saints,CA,2021-04-23 17:30:13,46.6834,-73.9159,48.99,33,6,16.89
539,Savannah Bight,HN,2021-04-23 17:30:13,16.45,-85.85,89.6,51,20,6.91
540,Dabola,GN,2021-04-23 17:30:14,10.75,-11.1167,93.52,31,89,2.86
541,Kailua,US,2021-04-23 17:30:14,21.4022,-157.7394,75.2,69,40,12.66
542,Elk City,US,2021-04-23 17:30:14,35.412,-99.4043,55.4,100,90,11.5
543,Quesnel,CA,2021-04-23 17:26:32,52.9999,-122.5029,41.0,38,1,3.44
544,Grindavik,IS,2021-04-23 17:30:15,63.8424,-22.4338,44.6,100,90,20.71
545,Otjimbingwe,NA,2021-04-23 17:30:15,-22.35,16.1333,77.92,28,37,3.67
546,Usinsk,RU,2021-04-23 17:30:15,65.9939,57.5281,36.14,89,84,9.44
547,Marzuq,YE,2021-04-23 17:30:16,14.4,46.4667,72.46,58,0,7.14
548,Nyuksenitsa,RU,2021-04-23 17:30:16,60.4128,44.2397,49.71,70,88,10.67
549,Berlevag,NO,2021-04-23 17:30:16,70.8578,29.0864,37.4,60,20,3.44
550,Labytnangi,RU,2021-04-23 17:30:17,66.6572,66.4183,33.89,98,100,6.22
551,Luis Correia,BR,2021-04-23 17:30:17,-2.8792,-41.6669,87.8,70,20,9.22
552,Havre-Saint-Pierre,CA,2021-04-23 17:26:39,50.2334,-63.5986,35.6,87,90,17.27
553,Kalmunai,LK,2021-04-23 17:30:17,7.4167,81.8167,80.91,78,2,2.55
554,Riyadh,SA,2021-04-23 17:29:29,24.6877,46.7219,93.2,12,0,4.61
555,Chama,CH,2021-04-23 17:30:18,47.1821,8.4636,59.0,66,4,10.0
556,Barcelos,PT,2021-04-23 17:29:30,41.5388,-8.6151,61.0,94,75,12.66
557,Abha,SA,2021-04-23 17:28:06,18.2164,42.5053,66.2,55,40,4.61
558,Acarau,BR,2021-04-23 17:30:18,-2.8856,-40.12,83.95,71,25,12.1
559,Akyab,MM,2021-04-23 17:30:19,20.15,92.9,82.71,80,2,10.09
560,Sorong,ID,2021-04-23 17:30:19,-0.8833,131.25,78.98,86,100,6.91
561,Strathmore,CA,2021-04-23 17:30:19,51.0501,-113.3852,37.99,51,100,4.61
562,Lyskovo,RU,2021-04-23 17:30:20,56.0328,45.0422,50.41,69,100,7.76
563,Tumut,AU,2021-04-23 17:30:20,-35.3,148.2167,37.4,93,31,4.61
564,North Bend,US,2021-04-23 17:21:08,43.4065,-124.2243,52.0,71,75,1.23
565,Vestmannaeyjar,IS,2021-04-23 17:30:20,63.4427,-20.2734,46.4,87,90,18.41
566,Saint Stephen,GB,2021-04-23 17:30:21,50.3333,-4.9,59.0,36,87,19.57
567,Mandurah,AU,2021-04-23 17:30:21,-32.55,115.7,59.0,88,100,1.14
568,Torquay,GB,2021-04-23 17:30:21,50.4638,-3.5143,54.0,68,46,4.0
569,Wajima,JP,2021-04-23 17:21:18,37.4,136.9,50.2,74,100,9.6
570,Mnogovershinnyy,RU,2021-04-23 17:21:16,53.9353,139.9242,17.65,87,62,3.71
571,Timra,SE,2021-04-23 17:30:22,62.487,17.3257,44.6,24,0,23.02
572,Daye,CN,2021-04-23 17:30:22,30.0833,114.95,63.21,87,38,4.12
573,Millinocket,US,2021-04-23 17:30:23,45.6573,-68.7098,46.4,39,1,13.8
574,Gallup,US,2021-04-23 17:30:23,35.5281,-108.7426,55.4,33,20,8.05
575,Pangnirtung,CA,2021-04-23 17:30:23,66.1451,-65.7125,26.6,80,75,2.3
576,Olinda,BR,2021-04-23 17:30:24,-8.0089,-34.8553,84.2,65,40,12.66
577,Talakan,RU,2021-04-23 17:30:24,50.3167,130.3667,32.45,48,60,10.71
578,Gamba,GA,2021-04-23 17:30:24,-2.65,10.0,78.28,80,47,7.02
579,Bowen,AU,2021-04-23 17:30:24,-20.0167,148.2333,66.2,94,90,11.5
580,Ambovombe,MG,2021-04-23 17:30:25,-25.1667,46.0833,71.65,80,2,12.97
581,Vila Velha,BR,2021-04-23 17:30:06,-20.3297,-40.2925,82.0,65,20,12.66
582,Sorland,NO,2021-04-23 17:30:25,67.667,12.6934,37.4,75,40,19.57
