City_ID,City,Country,Date,Lat,Lng,Max Temp,Humidity,Cloudiness,Wind Speed,Current Description
0,Mataura,NZ,2021-04-23 20:51:01,-46.1927,168.8643,45.0,95,53,1.99,broken clouds
1,Khatanga,RU,2021-04-23 20:51:01,71.9667,102.5,33.06,97,100,21.21,overcast clouds
2,Tiksi,RU,2021-04-23 20:51:01,71.6872,128.8694,4.64,98,97,7.18,overcast clouds
3,Maputo,MZ,2021-04-23 20:51:02,-25.9653,32.5892,64.0,88,75,4.61,broken clouds
4,Kodiak,US,2021-04-23 20:51:02,57.79,-152.4072,39.2,87,90,9.22,light rain
5,Tasiilaq,GL,2021-04-23 20:51:02,65.6145,-37.6368,39.2,45,90,5.75,overcast clouds
6,Vostok,RU,2021-04-23 20:51:02,46.4856,135.8833,40.96,85,100,6.4,overcast clouds
7,Te Anau,NZ,2021-04-23 20:51:03,-45.4167,167.7167,45.64,87,64,2.62,light rain
8,Saskylakh,RU,2021-04-23 20:51:03,71.9167,114.0833,33.58,96,100,18.95,light snow
9,Jamestown,US,2021-04-23 20:49:29,42.097,-79.2353,53.6,32,1,16.11,clear sky
10,Kununurra,AU,2021-04-23 20:51:04,-15.7667,128.7333,66.2,68,70,4.61,broken clouds
11,Wooster,US,2021-04-23 20:49:41,40.8051,-81.9351,59.0,38,75,8.05,broken clouds
12,Broken Hill,AU,2021-04-23 20:51:04,-31.95,141.4333,48.2,76,61,7.92,broken clouds
13,Hasaki,JP,2021-04-23 20:51:04,35.7333,140.8333,46.4,87,20,3.44,few clouds
14,Albany,US,2021-04-23 20:51:05,42.6001,-73.9662,60.01,21,5,8.01,clear sky
15,Avarua,CK,2021-04-23 20:51:05,-21.2078,-159.775,82.4,74,75,16.11,broken clouds
16,Bluff,NZ,2021-04-23 20:50:43,-46.6,168.3333,45.0,95,76,1.99,broken clouds
17,Hermanus,ZA,2021-04-23 20:50:53,-34.4187,19.2345,59.0,82,99,1.01,overcast clouds
18,Punta Arenas,CL,2021-04-23 20:51:06,-53.15,-70.9167,50.0,87,75,5.75,broken clouds
19,Barranca,PE,2021-04-23 20:51:06,-10.75,-77.7667,69.24,79,20,8.68,few clouds
20,Rikitea,PF,2021-04-23 20:51:06,-23.1203,-134.9692,79.09,67,100,17.78,overcast clouds
21,Ilulissat,GL,2021-04-23 20:51:07,69.2167,-51.1,35.6,69,100,3.44,overcast clouds
22,Valcau De Jos,RO,2021-04-23 20:51:07,47.1167,22.7333,42.8,81,49,8.05,scattered clouds
23,Tessalit,ML,2021-04-23 20:51:07,20.1986,1.0114,88.75,6,0,7.34,clear sky
24,Narsaq,GL,2021-04-23 20:51:08,60.9167,-46.05,48.2,46,1,6.91,clear sky
25,Wesselsbron,ZA,2021-04-23 20:51:08,-27.8549,26.3658,60.26,31,6,5.41,clear sky
26,Shingu,JP,2021-04-23 20:48:41,33.7333,135.9833,57.38,72,100,2.93,overcast clouds
27,Fairbanks,US,2021-04-23 20:46:28,64.8378,-147.7164,53.6,32,1,9.22,clear sky
28,Tahta,EG,2021-04-23 20:51:09,26.7693,31.5021,84.2,14,0,11.5,clear sky
29,Hilo,US,2021-04-23 20:51:09,19.7297,-155.09,75.2,78,90,4.61,moderate rain
30,Bredasdorp,ZA,2021-04-23 20:51:09,-34.5322,20.0403,50.0,93,99,4.61,overcast clouds
31,Mitu,CO,2021-04-23 20:48:20,1.1983,-70.1733,80.49,88,59,1.9,heavy intensity rain
32,Port Alfred,ZA,2021-04-23 20:51:10,-33.5906,26.891,66.51,73,0,21.39,clear sky
33,Tual,ID,2021-04-23 20:51:10,-5.6667,132.75,83.8,75,84,13.51,broken clouds
34,Qaanaaq,GL,2021-04-23 20:51:10,77.484,-69.3632,23.31,82,100,5.19,overcast clouds
35,Bontang,ID,2021-04-23 20:51:11,0.1333,117.5,75.16,94,72,7.72,broken clouds
36,Dikson,RU,2021-04-23 20:51:11,73.5069,80.5464,32.14,97,100,19.01,overcast clouds
37,Rehoboth,NA,2021-04-23 20:51:11,-23.3167,17.0833,65.34,37,53,0.31,broken clouds
38,Busselton,AU,2021-04-23 20:51:12,-33.65,115.3333,62.01,74,99,1.01,overcast clouds
39,La Rioja,ES,2021-04-23 20:51:12,42.25,-2.5,62.6,36,40,13.8,scattered clouds
40,Chokurdakh,RU,2021-04-23 20:51:12,70.6333,147.9167,-6.41,97,80,1.99,broken clouds
41,Port Elizabeth,ZA,2021-04-23 20:51:13,-33.918,25.5701,62.6,88,40,9.22,scattered clouds
42,Bambous Virieux,MU,2021-04-23 20:51:13,-20.3428,57.7575,78.8,78,75,10.36,light rain
43,Lompoc,US,2021-04-23 20:51:13,34.6391,-120.4579,60.01,62,0,6.91,clear sky
44,Requena,ES,2021-04-23 20:51:14,39.4883,-1.1004,55.99,87,100,1.01,overcast clouds
45,Puerto Ayora,EC,2021-04-23 20:50:50,-0.7393,-90.3518,84.2,70,20,16.11,few clouds
46,Peniche,PT,2021-04-23 20:49:33,39.3558,-9.3811,61.0,87,56,8.01,broken clouds
47,Vestmannaeyjar,IS,2021-04-23 20:51:14,63.4427,-20.2734,46.26,87,100,20.36,overcast clouds
48,Weligama,LK,2021-04-23 20:51:15,5.9667,80.4167,78.33,87,55,5.93,broken clouds
49,Nikolskoye,RU,2021-04-23 20:51:15,59.7035,30.7861,41.0,75,40,6.71,scattered clouds
50,Yellowknife,CA,2021-04-23 20:51:05,62.456,-114.3525,16.0,53,75,11.5,broken clouds
51,Lavrentiya,RU,2021-04-23 20:51:15,65.5833,-171.0,32.47,74,29,0.96,scattered clouds
52,Chimbarongo,CL,2021-04-23 20:51:16,-34.7,-71.05,60.8,59,90,2.3,overcast clouds
53,Provideniya,RU,2021-04-23 20:51:16,64.3833,-173.3,39.0,60,89,3.78,overcast clouds
54,Victoria,HK,2021-04-23 20:47:07,22.2855,114.1577,79.0,83,14,3.0,few clouds
55,Sipoo,FI,2021-04-23 20:51:16,60.3775,25.2691,34.0,86,75,9.22,broken clouds
56,Lander,US,2021-04-23 20:51:17,42.833,-108.7307,48.0,53,90,5.75,overcast clouds
57,Kharp,RU,2021-04-23 20:51:17,66.8014,65.8081,31.73,99,96,3.83,overcast clouds
58,Butaritari,KI,2021-04-23 20:51:17,3.0707,172.7902,82.51,75,92,10.85,overcast clouds
59,Saint-Joseph,RE,2021-04-23 20:51:18,-21.3667,55.6167,77.0,73,75,5.75,light rain
60,Maragogi,BR,2021-04-23 20:51:18,-9.0122,-35.2225,78.82,79,1,7.02,clear sky
61,Georgetown,MY,2021-04-23 20:51:19,5.4112,100.3354,78.8,89,40,3.44,scattered clouds
62,Ushuaia,AR,2021-04-23 20:51:19,-54.8,-68.3,42.8,87,75,2.3,broken clouds
63,Geraldton,AU,2021-04-23 20:51:19,-28.7667,114.6,59.0,88,90,6.91,overcast clouds
64,Olafsvik,IS,2021-04-23 20:51:19,64.8945,-23.7142,43.5,91,100,11.1,overcast clouds
65,Chuy,UY,2021-04-23 20:50:38,-33.6971,-53.4616,67.78,81,23,13.67,few clouds
66,Severo-Kurilsk,RU,2021-04-23 20:51:20,50.6789,156.125,35.67,93,99,7.76,overcast clouds
67,East London,ZA,2021-04-23 20:51:20,-33.0153,27.9116,65.05,76,10,10.63,clear sky
68,Tonantins,BR,2021-04-23 20:51:20,-2.8731,-67.8022,81.54,91,88,2.37,overcast clouds
69,Hobart,AU,2021-04-23 20:51:21,-42.8794,147.3294,51.8,71,40,10.36,scattered clouds
70,Mayor Pablo Lagerenza,PY,2021-04-23 20:51:21,-19.9309,-60.7718,88.92,42,73,12.88,broken clouds
71,Palmer,US,2021-04-23 20:49:42,42.1584,-72.3287,60.8,20,20,17.27,few clouds
72,Rio Gallegos,AR,2021-04-23 20:48:07,-51.6226,-69.2181,55.4,50,75,4.61,broken clouds
73,Mount Gambier,AU,2021-04-23 20:51:22,-37.8333,140.7667,48.2,100,40,8.05,scattered clouds
74,Mar Del Plata,AR,2021-04-23 20:51:10,-38.0023,-57.5575,75.2,64,75,6.91,broken clouds
75,Gat,IL,2021-04-23 20:51:22,31.61,34.7642,66.0,100,69,4.68,broken clouds
76,Nome,US,2021-04-23 20:51:23,64.5011,-165.4064,41.0,56,1,5.75,clear sky
77,Tilichiki,RU,2021-04-23 20:51:18,60.4667,166.1,20.07,85,58,4.65,broken clouds
78,Lata,PT,2021-04-23 20:51:23,40.1629,-8.3327,61.0,89,96,1.01,overcast clouds
79,Zhangye,CN,2021-04-23 20:51:23,38.9342,100.4517,38.39,87,100,5.73,overcast clouds
80,Bengkulu,ID,2021-04-23 20:51:24,-3.8004,102.2655,73.83,89,87,3.49,overcast clouds
81,Sibolga,ID,2021-04-23 20:51:13,1.7427,98.7792,75.65,88,100,2.86,overcast clouds
82,Merrill,US,2021-04-23 20:50:21,45.1805,-89.6835,55.0,43,90,9.22,overcast clouds
83,Faanui,PF,2021-04-23 20:51:24,-16.4833,-151.75,80.53,74,73,10.96,light rain
84,Salem,IN,2021-04-23 20:51:25,11.65,78.1667,78.55,72,100,2.8,light rain
85,Atuona,PF,2021-04-23 20:51:25,-9.8,-139.0333,80.11,80,28,22.08,light rain
86,Hithadhoo,MV,2021-04-23 20:51:25,-0.6,73.0833,81.91,74,8,7.45,clear sky
87,San Patricio,US,2021-04-23 20:51:04,28.017,-97.5169,84.2,74,75,21.85,broken clouds
88,Oksfjord,NO,2021-04-23 20:51:26,70.2396,22.3479,35.6,60,75,17.27,broken clouds
89,Diamantino,BR,2021-04-23 20:51:26,-14.4086,-56.4461,82.33,60,38,3.71,scattered clouds
90,Cape Town,ZA,2021-04-23 20:47:02,-33.9258,18.4232,61.0,94,0,3.44,clear sky
91,Okhotsk,RU,2021-04-23 20:51:26,59.3833,143.3,16.5,69,2,19.28,clear sky
92,Payson,US,2021-04-23 20:50:48,40.0444,-111.7321,63.0,25,40,10.36,scattered clouds
93,Enid,US,2021-04-23 20:51:06,36.3956,-97.8784,62.6,88,90,4.61,overcast clouds
94,Mporokoso,ZM,2021-04-23 20:51:27,-9.3727,30.125,59.54,92,2,5.7,clear sky
95,Cherskiy,RU,2021-04-23 20:51:27,68.75,161.3,20.75,94,100,7.4,snow
96,Shimoda,JP,2021-04-23 20:51:28,34.6667,138.95,52.0,70,100,3.0,overcast clouds
97,Aiton,RO,2021-04-23 20:51:28,46.6833,23.7333,39.2,75,0,2.3,clear sky
98,Haines Junction,CA,2021-04-23 20:51:28,60.7522,-137.5108,48.2,29,9,5.75,clear sky
99,Tuktoyaktuk,CA,2021-04-23 20:50:39,69.4541,-133.0374,14.0,67,75,11.5,broken clouds
100,Saldanha,ZA,2021-04-23 20:51:29,-33.0117,17.9442,59.0,77,77,5.75,broken clouds
101,Sihora,IN,2021-04-23 20:51:29,23.4833,80.1167,82.33,16,6,4.5,clear sky
102,Sitka,US,2021-04-23 20:49:13,57.0531,-135.33,57.2,26,1,4.61,clear sky
103,Torbay,CA,2021-04-23 20:51:15,47.6666,-52.7314,45.0,65,75,21.85,broken clouds
104,Margate,GB,2021-04-23 20:51:30,51.3813,1.3862,48.0,71,48,4.0,scattered clouds
105,Kaitangata,NZ,2021-04-23 20:51:30,-46.2817,169.8464,50.0,82,21,5.01,few clouds
106,Yumen,CN,2021-04-23 20:51:30,40.2833,97.2,38.25,83,65,1.39,broken clouds
107,Cap Malheureux,MU,2021-04-23 20:51:31,-19.9842,57.6142,78.01,79,99,4.0,overcast clouds
108,Broome,US,2021-04-23 20:51:31,42.2506,-75.833,60.01,32,1,17.27,clear sky
109,Barceloneta,PR,2021-04-23 20:51:31,18.4505,-66.5385,82.0,78,78,3.0,broken clouds
110,Olavarria,AR,2021-04-23 20:47:37,-36.8927,-60.3225,61.0,95,100,1.99,moderate rain
111,Turinsk,RU,2021-04-23 20:51:32,58.0458,63.696,46.51,76,100,6.29,overcast clouds
112,Conceicao Do Araguaia,BR,2021-04-23 20:51:32,-8.2578,-49.2647,87.8,62,0,3.44,clear sky
113,Kawalu,ID,2021-04-23 20:51:33,-7.3817,108.2082,69.15,95,1,2.1,clear sky
114,Hofn,IS,2021-04-23 20:51:33,64.2539,-15.2082,44.6,87,75,2.3,broken clouds
115,Salinopolis,BR,2021-04-23 20:51:33,-0.6136,-47.3561,79.93,83,49,7.56,heavy intensity rain
116,Tucuman,AR,2021-04-23 20:47:25,-26.8241,-65.2226,71.6,83,75,4.61,broken clouds
117,College,US,2021-04-23 20:51:34,64.8569,-147.8028,53.6,30,40,9.22,scattered clouds
118,Zhangjiakou,CN,2021-04-23 20:51:34,40.81,114.8794,51.15,82,1,3.09,clear sky
119,Fengzhen,CN,2021-04-23 20:51:34,40.4394,113.1536,51.58,63,67,4.38,broken clouds
120,Tabuk,PH,2021-04-23 20:51:35,17.4189,121.4443,68.83,83,18,3.13,few clouds
121,Port Blair,IN,2021-04-23 20:51:35,11.6667,92.75,80.83,73,100,7.47,overcast clouds
122,Leningradskiy,RU,2021-04-23 20:51:35,69.3833,178.4167,28.04,85,100,1.3,overcast clouds
123,Lavras,BR,2021-04-23 20:51:36,-21.2453,-44.9997,64.24,70,0,5.1,clear sky
124,Mogadishu,SO,2021-04-23 20:51:36,2.0371,45.3438,82.98,73,72,12.77,broken clouds
125,Tuatapere,NZ,2021-04-23 20:51:36,-46.1333,167.6833,45.0,95,98,1.99,overcast clouds
126,Westport,US,2021-04-23 20:51:01,41.1415,-73.3579,62.6,20,1,18.41,clear sky
127,Ribeira Grande,PT,2021-04-23 20:51:37,38.5167,-28.7,59.0,72,40,28.77,scattered clouds
128,Matamoros,MX,2021-04-23 20:51:37,25.5333,-103.25,91.0,8,75,13.8,broken clouds
129,Upernavik,GL,2021-04-23 20:51:37,72.7868,-56.1549,32.94,77,100,6.42,overcast clouds
130,Solnechnyy,RU,2021-04-23 20:51:38,50.7214,136.6319,30.31,79,75,5.35,broken clouds
131,Pangnirtung,CA,2021-04-23 20:51:38,66.1451,-65.7125,26.6,86,75,2.3,broken clouds
132,Stonewall,CA,2021-04-23 20:51:38,50.1344,-97.3268,37.99,38,75,18.41,broken clouds
133,Thinadhoo,MV,2021-04-23 20:51:39,0.5333,72.9333,82.29,68,10,8.39,clear sky
134,Cururupu,BR,2021-04-23 20:51:39,-1.8283,-44.8683,76.93,91,75,3.24,broken clouds
135,Sawtell,AU,2021-04-23 20:51:39,-30.3833,153.1,46.4,93,0,1.14,clear sky
136,Petropavlovsk-Kamchatskiy,RU,2021-04-23 20:51:36,53.0452,158.6483,35.6,93,40,2.24,scattered clouds
137,Arraial Do Cabo,BR,2021-04-23 20:51:40,-22.9661,-42.0278,75.2,78,0,19.57,clear sky
138,The Valley,AI,2021-04-23 20:51:40,18.217,-63.0578,86.0,65,20,12.66,few clouds
139,Barrow,US,2021-04-23 20:50:58,71.2906,-156.7887,17.6,79,1,6.91,clear sky
140,Keningau,MY,2021-04-23 20:51:41,5.3378,116.1602,78.01,94,20,3.44,few clouds
141,Male,MV,2021-04-23 20:51:41,4.1748,73.5089,84.2,79,75,10.36,broken clouds
142,Pisco,PE,2021-04-23 20:51:41,-13.7,-76.2167,71.6,68,0,10.36,clear sky
143,Nizhnevartovsk,RU,2021-04-23 20:50:48,60.9344,76.5531,35.6,51,0,8.95,clear sky
144,Nianzishan,CN,2021-04-23 20:51:42,47.5167,122.8833,40.57,38,85,7.78,overcast clouds
145,Jalu,LY,2021-04-23 20:51:42,29.0331,21.5482,78.93,14,0,11.74,clear sky
146,Kahului,US,2021-04-23 20:50:29,20.8947,-156.47,80.6,61,40,20.71,scattered clouds
147,Baruun-Urt,MN,2021-04-23 20:51:02,46.6806,113.2792,34.75,38,53,11.97,broken clouds
148,Kirakira,SB,2021-04-23 20:51:43,-10.4544,161.9205,81.59,78,54,4.14,broken clouds
149,Makat,KZ,2021-04-23 20:51:43,47.6469,53.3463,50.05,76,26,11.01,scattered clouds
150,Lampazos De Naranjo,MX,2021-04-23 20:51:43,27.0167,-100.5167,95.36,22,0,7.05,clear sky
151,San Cristobal,VE,2021-04-23 20:51:44,7.7669,-72.225,89.6,58,40,9.22,scattered clouds
152,Matara,LK,2021-04-23 20:51:44,5.9485,80.5353,77.52,89,61,5.95,broken clouds
153,Bushehr,IR,2021-04-23 20:51:44,28.9684,50.8385,75.2,60,99,3.09,overcast clouds
154,Norman Wells,CA,2021-04-23 20:51:45,65.282,-126.8329,30.2,40,40,11.5,scattered clouds
155,Kearney,US,2021-04-23 20:51:45,40.6995,-99.0815,64.4,39,40,12.66,scattered clouds
156,Chichihualco,MX,2021-04-23 20:51:45,17.6833,-99.65,91.33,18,100,1.74,overcast clouds
157,Sambava,MG,2021-04-23 20:51:46,-14.2667,50.1667,74.16,90,100,8.01,overcast clouds
158,Airai,TL,2021-04-23 20:51:46,-8.9266,125.4092,57.18,88,25,2.64,scattered clouds
159,Longyearbyen,SJ,2021-04-23 20:51:46,78.2186,15.6401,15.8,67,40,5.75,scattered clouds
160,Matagami,CA,2021-04-23 20:51:46,49.7502,-77.6328,60.8,29,20,14.97,few clouds
161,Lebu,CL,2021-04-23 20:48:09,-37.6167,-73.65,57.76,81,41,7.87,scattered clouds
162,Anori,BR,2021-04-23 20:51:47,-3.7728,-61.6442,82.11,84,88,1.88,light rain
163,Saint-Augustin,CA,2021-04-23 20:51:47,51.226,-58.6502,33.24,86,100,13.47,light snow
164,Mamakan,RU,2021-04-23 20:51:48,57.8161,114.0028,28.0,95,100,3.36,overcast clouds
165,Aykhal,RU,2021-04-23 20:51:48,66.0,111.5,17.55,89,91,7.18,overcast clouds
166,Galveston,US,2021-04-23 20:49:19,29.3669,-94.9669,75.2,83,90,19.57,haze
167,Yongan,CN,2021-04-23 20:51:48,39.6957,113.6871,49.14,84,75,6.64,broken clouds
168,Winnemucca,US,2021-04-23 20:51:49,40.973,-117.7357,64.4,11,1,9.22,clear sky
169,Cabo San Lucas,MX,2021-04-23 20:51:49,22.8909,-109.9124,84.0,44,40,4.61,scattered clouds
170,Camopi,GF,2021-04-23 20:51:49,3.1655,-52.3158,74.26,98,100,2.39,moderate rain
171,Kalmunai,LK,2021-04-23 20:51:50,7.4167,81.8167,80.06,80,3,1.68,clear sky
172,Ancud,CL,2021-04-23 20:51:46,-41.8697,-73.8203,57.0,76,75,8.05,broken clouds
173,Beba,CU,2021-04-23 20:51:50,22.4437,-79.7253,91.4,27,20,14.97,few clouds
174,Souillac,MU,2021-04-23 20:51:51,-20.5167,57.5167,78.8,78,75,10.36,light rain
175,Arlit,NE,2021-04-23 20:51:51,18.7369,7.3853,89.2,7,38,11.65,scattered clouds
176,Glendive,US,2021-04-23 20:51:51,47.1053,-104.7125,43.0,41,75,10.36,broken clouds
177,Sobolevo,RU,2021-04-23 20:51:52,54.4299,31.8996,36.57,76,68,5.14,broken clouds
178,Pacific Grove,US,2021-04-23 20:51:52,36.6177,-121.9166,62.01,55,40,12.66,scattered clouds
179,Poum,NC,2021-04-23 20:51:52,-20.2333,164.0167,78.55,79,92,7.99,overcast clouds
180,Naryan-Mar,RU,2021-04-23 20:51:53,67.6713,53.087,31.84,89,77,8.32,broken clouds
181,Prince Rupert,CA,2021-04-23 20:51:53,54.3161,-130.3201,53.6,58,1,6.91,clear sky
182,Sao Goncalo Do Sapucai,BR,2021-04-23 20:51:53,-21.8922,-45.5953,63.72,71,1,2.77,clear sky
183,Bozeman,US,2021-04-23 20:47:00,45.6796,-111.0386,44.01,58,85,1.99,overcast clouds
184,Tygda,RU,2021-04-23 20:51:54,53.1167,126.3333,29.5,51,26,9.13,scattered clouds
185,Esperance,AU,2021-04-23 20:51:54,-33.8667,121.9,55.4,94,95,11.5,overcast clouds
186,Luau,AO,2021-04-23 20:51:54,-10.7073,22.2247,66.04,78,66,3.58,broken clouds
187,Coquimbo,CL,2021-04-23 20:51:55,-29.9533,-71.3436,64.4,59,75,10.36,broken clouds
188,Kamenka,RU,2021-04-23 20:51:55,51.3223,42.7678,43.0,94,9,7.14,clear sky
189,Biu,NG,2021-04-23 20:51:55,10.6129,12.1946,87.26,27,83,4.43,broken clouds
190,Conde,BR,2021-04-23 20:49:18,-7.2597,-34.9075,80.6,89,40,11.5,scattered clouds
191,Flinders,AU,2021-04-23 20:51:56,-34.5833,150.8552,48.99,81,86,1.01,overcast clouds
192,Dedougou,BF,2021-04-23 20:51:56,12.4667,-3.4667,95.72,23,93,7.56,overcast clouds
193,Birjand,IR,2021-04-23 20:51:57,32.8663,59.2211,62.6,13,0,6.91,clear sky
194,Chapais,CA,2021-04-23 20:51:57,49.7834,-74.8492,50.0,25,1,18.41,clear sky
195,Sovetskiy,RU,2021-04-23 20:51:57,61.3614,63.5842,37.92,96,99,4.09,overcast clouds
196,De Panne,BE,2021-04-23 20:51:57,51.0792,2.5917,46.0,81,16,10.36,few clouds
197,Nemuro,JP,2021-04-23 20:51:58,43.3236,145.575,38.66,84,100,14.34,overcast clouds
198,Oranjemund,NA,2021-04-23 20:51:58,-28.55,16.4333,61.27,88,56,5.41,broken clouds
199,Pimentel,PE,2021-04-23 20:51:58,-6.8367,-79.9342,75.2,60,0,24.16,clear sky
200,Kyra,RU,2021-04-23 20:51:59,49.5776,111.9753,31.32,76,92,1.23,overcast clouds
201,Fare,PF,2021-04-23 20:51:59,-16.7,-151.0167,79.74,75,63,10.8,light rain
202,Ban Nahin,LA,2021-04-23 20:51:59,18.2418,104.2122,78.08,79,94,2.71,heavy intensity rain
203,Roberval,CA,2021-04-23 20:52:00,48.5168,-72.2324,53.6,24,20,26.46,few clouds
204,Korla,CN,2021-04-23 20:52:00,41.7597,86.1469,44.55,61,45,10.83,scattered clouds
205,New Norfolk,AU,2021-04-23 20:52:00,-42.7826,147.0587,51.01,86,97,9.04,light rain
206,Nebbi,UG,2021-04-23 20:52:01,2.4783,31.0889,65.93,94,53,1.28,moderate rain
207,Kamsack,CA,2021-04-23 20:52:01,51.5667,-101.9009,39.2,26,75,16.11,broken clouds
208,Cartagena Del Chaira,CO,2021-04-23 20:52:02,1.3349,-74.8429,83.53,70,96,2.77,overcast clouds
209,Satna,IN,2021-04-23 20:52:02,24.5833,80.8333,84.97,13,76,6.58,broken clouds
210,Ixtapa,MX,2021-04-23 20:48:52,20.7,-105.2,84.2,61,1,11.5,clear sky
211,Casper,US,2021-04-23 20:47:15,42.8666,-106.3131,37.4,60,90,10.36,overcast clouds
212,Pevek,RU,2021-04-23 20:52:03,69.7008,170.3133,10.36,91,52,4.36,broken clouds
213,Camacha,PT,2021-04-23 20:52:03,33.0833,-16.3333,66.2,63,75,14.97,broken clouds
214,Kapaa,US,2021-04-23 20:52:03,22.0752,-159.319,80.6,61,40,14.97,scattered clouds
215,Acapulco,MX,2021-04-23 20:52:04,16.8634,-99.8901,87.8,58,90,6.91,overcast clouds
216,Constitucion,CL,2021-04-23 20:52:04,-35.3333,-72.4167,60.96,64,0,9.86,clear sky
217,Scarborough,GB,2021-04-23 20:52:04,54.2797,-0.4044,50.0,54,100,5.66,overcast clouds
218,Port Hardy,CA,2021-04-23 20:52:05,50.6996,-127.4199,51.8,71,75,4.61,broken clouds
219,Vilhena,BR,2021-04-23 20:50:14,-12.7406,-60.1458,84.2,65,40,5.75,scattered clouds
220,Iqaluit,CA,2021-04-23 20:52:05,63.7506,-68.5145,28.4,93,90,3.44,light snow
221,Preobrazheniye,RU,2021-04-23 20:52:05,42.9019,133.9064,49.55,71,100,4.18,light rain
222,Kindu,CD,2021-04-23 20:52:06,-2.95,25.95,69.15,96,98,2.08,overcast clouds
223,Russell,US,2021-04-23 20:52:06,32.3502,-85.1999,73.4,27,75,8.05,broken clouds
224,Atyrau,KZ,2021-04-23 20:52:06,47.1167,51.8833,44.6,100,75,8.95,mist
225,Castro,BR,2021-04-23 20:52:07,-24.7911,-50.0119,59.77,72,6,3.67,clear sky
226,Morro Bay,US,2021-04-23 20:52:07,35.3658,-120.8499,62.01,73,6,1.01,clear sky
227,Katsuura,JP,2021-04-23 20:52:07,35.1333,140.3,51.8,76,40,6.91,scattered clouds
228,Asekeyevo,RU,2021-04-23 20:52:08,53.5742,52.7972,45.52,91,100,9.71,overcast clouds
229,Griffith,US,2021-04-23 20:48:57,41.5284,-87.4237,61.0,39,90,14.97,overcast clouds
230,Salalah,OM,2021-04-23 20:49:08,17.0151,54.0924,84.2,74,40,4.61,scattered clouds
231,Qasigiannguit,GL,2021-04-23 20:52:09,68.8193,-51.1922,35.6,69,84,3.44,broken clouds
232,Komsomolskiy,UZ,2021-04-23 20:52:09,40.4272,71.7189,53.6,54,5,4.61,clear sky
233,Nuristan,AF,2021-04-23 20:52:10,35.3,70.8333,22.55,33,0,13.02,clear sky
234,Prainha,BR,2021-04-23 20:52:10,-1.8,-53.48,81.52,76,75,1.12,broken clouds
235,Strathmore,CA,2021-04-23 20:52:10,51.0501,-113.3852,39.0,64,100,4.61,overcast clouds
236,Isangel,VU,2021-04-23 20:52:11,-19.55,169.2667,80.06,80,76,10.51,broken clouds
237,Alekseyevsk,RU,2021-04-23 20:52:11,57.8406,108.3492,22.66,97,66,1.79,broken clouds
238,Mount Isa,AU,2021-04-23 20:52:11,-20.7333,139.5,66.2,27,24,14.97,few clouds
239,Bethel,US,2021-04-23 20:51:31,41.3712,-73.414,61.0,21,1,17.27,clear sky
240,Atasu,KZ,2021-04-23 20:52:12,48.6814,71.6433,34.95,34,35,6.93,scattered clouds
241,Puerto Madero,MX,2021-04-23 20:52:12,14.7208,-92.4215,91.4,58,75,10.36,broken clouds
242,Kudahuvadhoo,MV,2021-04-23 20:52:12,2.6708,72.8944,82.89,68,15,11.65,few clouds
243,Plouzane,FR,2021-04-23 20:52:13,48.3833,-4.6167,62.6,58,0,12.66,clear sky
244,Waipawa,NZ,2021-04-23 20:52:13,-41.4122,175.5153,60.8,77,15,8.05,few clouds
245,Carnarvon,AU,2021-04-23 20:50:40,-24.8667,113.6333,62.6,88,0,5.75,clear sky
246,Saint-Georges,GD,2021-04-23 20:50:49,12.0564,-61.7485,86.0,66,20,20.71,few clouds
247,Vaini,TO,2021-04-23 20:52:13,-21.2,-175.2,80.6,89,20,2.3,few clouds
248,Pemangkat,ID,2021-04-23 20:52:14,1.1667,108.9667,78.1,81,67,7.14,broken clouds
249,Eureka,US,2021-04-23 20:52:14,40.8021,-124.1637,61.0,67,100,1.99,overcast clouds
250,Carupano,VE,2021-04-23 20:52:14,10.6678,-63.2585,82.72,70,7,17.18,clear sky
251,Nijar,ES,2021-04-23 20:52:15,36.9665,-2.206,64.4,63,0,19.57,light rain
252,Waddan,LY,2021-04-23 20:52:15,29.1614,16.139,84.61,13,24,13.29,few clouds
253,Maromitsa,RU,2021-04-23 20:52:15,59.8683,48.0123,40.39,84,18,6.06,few clouds
254,Hamilton,US,2021-04-23 20:52:16,39.1834,-84.5333,59.0,41,75,8.05,broken clouds
255,Usvyaty,RU,2021-04-23 20:52:16,55.7456,30.7533,33.78,89,65,4.38,broken clouds
256,Saint George,US,2021-04-23 20:51:07,37.1041,-113.5841,80.01,10,1,17.27,clear sky
257,Namibe,AO,2021-04-23 20:49:33,-15.1961,12.1522,78.69,77,1,6.58,clear sky
258,Saint-Philippe,RE,2021-04-23 20:52:17,-21.3585,55.7679,77.0,73,75,5.75,light rain
259,Atar,MR,2021-04-23 20:52:17,20.5169,-13.0499,83.19,11,0,5.44,clear sky
260,Bestobe,KZ,2021-04-23 20:52:17,52.4994,73.0975,34.97,53,50,8.46,scattered clouds
261,Lasa,IT,2021-04-23 20:52:17,46.6166,10.7002,62.6,49,0,5.75,clear sky
262,Challapata,BO,2021-04-23 20:52:18,-18.9,-66.7667,54.32,30,79,7.65,broken clouds
263,Gigmoto,PH,2021-04-23 20:52:18,13.7796,124.39,77.67,85,97,3.83,overcast clouds
264,La Asuncion,VE,2021-04-23 20:52:18,11.0333,-63.8628,87.8,58,10,24.16,clear sky
265,Dzilam Gonzalez,MX,2021-04-23 20:52:19,21.2833,-88.9333,94.95,31,40,7.81,scattered clouds
266,Puerto Narino,CO,2021-04-23 20:52:19,-3.7703,-70.3831,84.2,79,75,5.75,broken clouds
267,Padre Bernardo,BR,2021-04-23 20:52:19,-15.35,-48.5,73.22,58,66,2.46,broken clouds
268,Abonnema,NG,2021-04-23 20:52:20,4.7084,6.7931,80.42,84,71,5.64,broken clouds
269,Mogzon,RU,2021-04-23 20:52:20,51.7435,111.9606,26.02,35,95,2.21,overcast clouds
270,Qostanay,KZ,2021-04-23 20:52:20,53.1667,63.5833,46.4,39,0,13.42,clear sky
271,Jatai,BR,2021-04-23 20:52:21,-17.8814,-51.7144,74.05,39,0,0.67,clear sky
272,Zalantun,CN,2021-04-23 20:52:21,48.0,122.7167,38.32,43,78,6.55,broken clouds
273,Fort Nelson,CA,2021-04-23 20:52:21,58.8053,-122.7002,33.8,47,75,8.05,broken clouds
274,Samarai,PG,2021-04-23 20:52:21,-10.6167,150.6667,82.71,78,100,11.01,overcast clouds
275,Mocuba,MZ,2021-04-23 20:52:22,-16.8392,36.9856,66.45,97,0,2.28,clear sky
276,Saint Anthony,US,2021-04-23 20:52:22,45.0205,-93.218,48.0,81,90,4.61,light rain
277,Usinsk,RU,2021-04-23 20:52:23,65.9939,57.5281,32.88,90,37,7.67,scattered clouds
278,Yar-Sale,RU,2021-04-23 20:52:23,66.8333,70.8333,34.34,99,100,11.05,overcast clouds
279,Tura,IN,2021-04-23 20:52:23,25.5198,90.2201,72.41,33,87,3.38,overcast clouds
280,La Ronge,CA,2021-04-23 20:52:23,55.1001,-105.2842,28.4,40,100,10.36,overcast clouds
281,Sarangani,PH,2021-04-23 20:52:24,5.4033,125.4636,83.32,75,75,14.74,broken clouds
282,Ponta Do Sol,PT,2021-04-23 20:52:24,32.6667,-17.1,57.99,83,47,1.99,scattered clouds
283,Chicama,PE,2021-04-23 20:52:24,-7.8447,-79.1469,66.2,82,40,11.5,fog
284,Ambulu,ID,2021-04-23 20:52:25,-8.345,113.6058,72.55,89,14,2.91,few clouds
285,Diveyevo,RU,2021-04-23 20:52:25,55.0433,43.2418,44.89,81,23,7.23,few clouds
286,Verkhnyaya Inta,RU,2021-04-23 20:52:25,65.9811,60.3094,35.58,91,95,9.91,overcast clouds
287,Guhagar,IN,2021-04-23 20:52:26,17.4842,73.1929,78.19,72,100,5.48,overcast clouds
288,Los Llanos De Aridane,ES,2021-04-23 20:52:26,28.6585,-17.9182,69.8,64,40,4.61,scattered clouds
289,Ardakan,IR,2021-04-23 20:52:27,32.31,54.0175,80.6,18,40,2.3,scattered clouds
290,Camalu,MX,2021-04-23 20:52:27,30.85,-116.0667,64.0,45,2,13.0,clear sky
291,Cape Canaveral,US,2021-04-23 20:51:07,28.4058,-80.6048,75.0,56,20,11.5,few clouds
292,Karlovo,BG,2021-04-23 20:52:27,42.6333,24.8,52.0,65,98,5.86,overcast clouds
293,Dalby,AU,2021-04-23 20:52:28,-27.1833,151.2667,33.8,86,0,5.75,clear sky
294,Kruisfontein,ZA,2021-04-23 20:52:28,-34.0033,24.7314,60.01,88,5,3.0,clear sky
295,Bonavista,CA,2021-04-23 20:52:28,48.6499,-53.1147,44.6,45,100,13.8,overcast clouds
296,Ergani,TR,2021-04-23 20:52:28,38.2653,39.7621,55.4,50,0,6.91,clear sky
297,Husavik,IS,2021-04-23 20:52:29,66.0449,-17.3389,46.4,76,0,4.61,clear sky
298,Mombaca,BR,2021-04-23 20:52:29,-5.7431,-39.6275,76.6,81,95,2.8,overcast clouds
299,Atambua,ID,2021-04-23 20:52:29,-9.1061,124.8925,70.79,86,37,4.54,scattered clouds
300,Saint-Pierre,RE,2021-04-23 20:52:30,-21.3393,55.4781,77.0,73,75,5.75,broken clouds
301,Cabedelo,BR,2021-04-23 20:52:30,-6.9811,-34.8339,80.6,89,40,11.5,scattered clouds
302,Esfarayen,IR,2021-04-23 20:52:30,37.0765,57.5101,57.2,82,90,11.5,overcast clouds
303,Marsaxlokk,MT,2021-04-23 20:52:31,35.8419,14.5431,59.0,88,20,16.11,few clouds
304,Ibimirim,BR,2021-04-23 20:52:31,-8.5406,-37.6903,81.81,53,5,12.01,clear sky
305,Grand Gaube,MU,2021-04-23 20:52:31,-20.0064,57.6608,78.01,79,99,4.0,overcast clouds
306,Alofi,NU,2021-04-23 20:52:32,-19.0595,-169.9187,80.6,94,40,4.61,scattered clouds
307,Kedougou,SN,2021-04-23 20:52:32,12.5579,-12.1743,93.61,17,54,6.02,broken clouds
308,Kavieng,PG,2021-04-23 20:52:32,-2.5744,150.7967,79.48,81,100,6.11,moderate rain
309,Vila Franca Do Campo,PT,2021-04-23 20:52:33,37.7167,-25.4333,59.0,72,40,17.27,scattered clouds
310,Yamethin,MM,2021-04-23 20:52:33,20.4333,96.15,80.38,58,25,7.31,scattered clouds
311,Aras,ES,2021-04-23 20:52:33,42.5617,-2.356,62.6,36,40,13.8,scattered clouds
312,Dubbo,AU,2021-04-23 20:52:34,-32.25,148.6167,35.6,93,100,3.44,overcast clouds
313,Arona,ES,2021-04-23 20:52:34,28.0996,-16.681,71.6,73,40,10.36,scattered clouds
314,Llanes,ES,2021-04-23 20:52:34,43.4198,-4.7549,64.99,56,25,5.12,scattered clouds
315,Djibo,BF,2021-04-23 20:52:35,14.1022,-1.6306,96.49,13,71,10.49,broken clouds
316,Maarianhamina,AX,2021-04-23 20:52:35,60.0973,19.9348,35.6,69,0,9.22,clear sky
317,Kashary,RU,2021-04-23 20:52:35,49.04,41.0056,50.76,72,100,7.94,light rain
318,Harqalah,TN,2021-04-23 20:52:36,36.0303,10.509,62.01,72,20,9.22,few clouds
319,Beringovskiy,RU,2021-04-23 20:52:36,63.05,179.3167,25.57,82,99,7.47,overcast clouds
320,Sarlat-La-Caneda,FR,2021-04-23 20:52:36,44.889,1.2166,55.0,63,45,3.2,scattered clouds
321,Adrar,MR,2021-04-23 20:52:37,20.5022,-10.0711,83.97,8,0,7.74,clear sky
322,Morgantown,US,2021-04-23 20:47:58,39.6295,-79.9559,57.2,30,40,12.66,scattered clouds
323,Nantucket,US,2021-04-23 20:52:37,41.2835,-70.0995,51.8,58,1,28.77,clear sky
324,Emba,KZ,2021-04-23 20:52:37,48.8264,58.1442,53.64,41,100,15.61,overcast clouds
325,Sorland,NO,2021-04-23 20:52:38,67.667,12.6934,33.8,75,40,13.8,scattered clouds
326,Cockburn Town,TC,2021-04-23 20:52:38,21.4612,-71.1419,82.4,65,40,9.22,scattered clouds
327,Touros,BR,2021-04-23 20:52:01,-5.1989,-35.4608,84.2,70,20,11.5,few clouds
328,Cidreira,BR,2021-04-23 20:52:38,-30.1811,-50.2056,70.61,77,1,17.85,clear sky
329,Palembang,ID,2021-04-23 20:52:39,-2.9167,104.7458,73.29,96,38,3.2,scattered clouds
330,Vao,NC,2021-04-23 20:52:39,-22.6667,167.4833,75.56,77,97,12.86,overcast clouds
331,Puerto Colombia,CO,2021-04-23 20:52:40,10.9878,-74.9547,86.0,66,20,14.97,few clouds
332,Port Lincoln,AU,2021-04-23 20:52:40,-34.7333,135.8667,58.75,75,74,3.8,broken clouds
333,Bandarbeyla,SO,2021-04-23 20:51:07,9.4942,50.8122,83.37,73,100,7.76,overcast clouds
334,Bundaberg,AU,2021-04-23 20:52:41,-24.85,152.35,61.0,77,85,8.05,overcast clouds
335,Lagoa,PT,2021-04-23 20:52:42,39.05,-27.9833,57.81,74,10,33.64,clear sky
336,Karratha,AU,2021-04-23 20:52:42,-20.7377,116.8463,75.24,26,0,9.89,clear sky
337,Santa Maria,BR,2021-04-23 20:52:43,-29.6842,-53.8069,82.4,39,20,8.05,few clouds
338,Ust-Koksa,RU,2021-04-23 20:52:43,50.2696,85.6108,22.62,91,100,2.55,overcast clouds
339,Promyshlennaya,RU,2021-04-23 20:52:43,54.9159,85.6385,33.8,34,0,8.95,clear sky
340,Lethem,GY,2021-04-23 20:52:44,3.3803,-59.7968,89.49,48,61,12.35,broken clouds
341,Grevesmuhlen,DE,2021-04-23 20:52:44,53.8667,11.1833,44.6,65,0,5.75,clear sky
342,Kargil,IN,2021-04-23 20:52:44,34.5667,76.1,24.62,46,1,4.38,clear sky
343,Bilma,NE,2021-04-23 20:52:45,18.6853,12.9164,91.45,9,36,9.73,scattered clouds
344,Biak,ID,2021-04-23 20:52:45,-0.9131,122.8766,76.51,80,100,3.67,overcast clouds
345,Tarnogskiy Gorodok,RU,2021-04-23 20:52:45,60.4997,43.5761,47.57,75,95,10.09,overcast clouds
346,Klaksvik,FO,2021-04-23 20:52:46,62.2266,-6.589,42.8,100,20,8.05,few clouds
347,Padang,ID,2021-04-23 20:52:46,-0.9492,100.3543,75.94,84,100,4.16,overcast clouds
348,Tiznit,MA,2021-04-23 20:52:46,29.5833,-9.5,60.78,62,63,6.24,broken clouds
349,Thompson,CA,2021-04-23 20:51:56,55.7435,-97.8558,26.6,54,90,13.8,light snow
350,Berlevag,NO,2021-04-23 20:52:47,70.8578,29.0864,30.2,74,20,8.05,light snow
351,Moindou,NC,2021-04-23 20:52:47,-21.6924,165.677,71.6,100,0,2.3,clear sky
352,Chumphon,TH,2021-04-23 20:52:47,10.3333,98.8333,73.67,90,99,2.95,overcast clouds
353,Magnor,SE,2021-04-23 20:52:48,59.9511,12.1996,35.01,55,18,9.22,few clouds
354,Megion,RU,2021-04-23 20:52:48,61.0296,76.1136,35.6,51,0,8.95,clear sky
355,Zhigansk,RU,2021-04-23 20:52:48,66.7697,123.3711,4.73,93,43,6.62,scattered clouds
356,Sakakah,SA,2021-04-23 20:52:49,29.9697,40.2064,78.8,11,0,9.22,clear sky
357,Lakatoro,VU,2021-04-23 20:52:49,-16.0999,167.4164,82.89,76,54,9.1,broken clouds
358,Bosaso,SO,2021-04-23 20:52:49,11.2842,49.1816,83.89,67,0,3.58,clear sky
359,Zelenoborskiy,RU,2021-04-23 20:52:49,66.845,32.3622,30.0,100,100,15.05,light snow
360,Yatou,CN,2021-04-23 20:52:50,37.15,122.3833,49.6,91,100,10.29,overcast clouds
361,Cacoal,BR,2021-04-23 20:52:50,-11.4386,-61.4472,80.42,86,15,2.89,few clouds
362,Vila Velha,BR,2021-04-23 20:48:52,-20.3297,-40.2925,78.8,65,20,5.75,few clouds
363,Dunedin,NZ,2021-04-23 20:52:51,-45.8742,170.5036,55.99,91,55,1.99,broken clouds
364,Boa Vista,BR,2021-04-23 20:52:51,2.8197,-60.6733,71.6,94,75,12.66,broken clouds
365,Kalach-Na-Donu,RU,2021-04-23 20:52:51,48.691,43.5264,48.2,81,0,8.95,clear sky
366,Richards Bay,ZA,2021-04-23 20:52:51,-28.783,32.0377,63.82,84,76,9.73,broken clouds
367,Knysna,ZA,2021-04-23 20:52:52,-34.0363,23.0471,59.0,100,90,3.44,mist
368,Naze,JP,2021-04-23 20:52:52,28.3667,129.4833,65.59,69,100,27.04,overcast clouds
369,Pangkalanbuun,ID,2021-04-23 20:48:22,-2.6833,111.6167,73.67,95,82,1.32,broken clouds
370,Gravdal,NO,2021-04-23 20:52:53,68.1214,13.5031,33.8,75,40,13.8,scattered clouds
371,Beachwood,US,2021-04-23 20:52:53,41.4645,-81.5087,59.0,38,75,16.11,broken clouds
372,Silver City,US,2021-04-23 20:52:53,32.7701,-108.2803,64.4,20,75,19.57,broken clouds
373,Mercedes,AR,2021-04-23 20:52:54,-34.6515,-59.4307,77.0,74,99,12.55,moderate rain
374,Fortuna,US,2021-04-23 20:52:54,40.5982,-124.1573,61.0,76,1,12.66,clear sky
375,Erzin,TR,2021-04-23 20:52:54,36.9559,36.2,66.99,81,94,3.6,overcast clouds
376,Clyde River,CA,2021-04-23 20:51:51,70.4692,-68.5914,19.4,100,90,6.91,mist
377,Yulara,AU,2021-04-23 20:52:55,-25.2406,130.9889,53.6,62,0,8.05,clear sky
378,Nioro,GM,2021-04-23 20:52:55,13.35,-15.75,81.14,41,3,12.77,clear sky
379,Balikpapan,ID,2021-04-23 20:50:54,-1.2675,116.8289,76.44,87,96,7.67,overcast clouds
380,Rutul,RU,2021-04-23 20:52:56,41.5357,47.4239,59.0,82,20,16.11,few clouds
381,Guerrero Negro,MX,2021-04-23 20:51:35,27.9769,-114.0611,65.3,58,17,20.85,few clouds
382,Ulladulla,AU,2021-04-23 20:52:56,-35.35,150.4667,51.01,76,26,10.36,scattered clouds
383,Chumikan,RU,2021-04-23 20:52:56,54.7183,135.315,29.7,83,36,15.84,scattered clouds
384,Zaranj,AF,2021-04-23 20:52:57,30.9667,61.8833,77.0,6,0,9.22,clear sky
385,Paamiut,GL,2021-04-23 20:52:57,61.994,-49.6678,33.44,77,1,2.06,clear sky
386,Cermik,TR,2021-04-23 20:52:57,38.1361,39.4493,50.0,50,0,6.91,clear sky
387,Key West,US,2021-04-23 20:49:08,24.5557,-81.7826,82.99,74,20,16.11,few clouds
388,Bathsheba,BB,2021-04-23 20:52:58,13.2167,-59.5167,84.2,54,40,18.41,scattered clouds
389,Vallenar,CL,2021-04-23 20:52:58,-28.5708,-70.7581,68.16,48,100,8.16,overcast clouds
390,Pandoh,IN,2021-04-23 20:52:58,31.6833,77.05,51.66,71,43,7.96,scattered clouds
391,Willowmore,ZA,2021-04-23 20:52:59,-33.2926,23.4895,64.06,52,2,5.86,clear sky
392,Torbat-E Jam,IR,2021-04-23 20:52:59,35.244,60.6225,66.47,11,57,10.92,broken clouds
393,Ahuimanu,US,2021-04-23 20:52:59,21.4447,-157.8378,82.4,65,75,9.22,broken clouds
394,Lososina,RU,2021-04-23 20:53:00,48.9975,140.3106,34.36,93,100,12.19,snow
395,Coihaique,CL,2021-04-23 20:53:00,-45.5752,-72.0662,51.8,62,40,6.91,scattered clouds
396,Maraa,BR,2021-04-23 20:53:00,-1.8333,-65.3667,82.31,85,70,2.01,broken clouds
397,Quatre Cocos,MU,2021-04-23 20:53:01,-20.2078,57.7625,78.8,78,75,10.36,light rain
398,Bonthe,SL,2021-04-23 20:53:01,7.5264,-12.505,79.56,84,95,4.74,overcast clouds
399,Ziway,ET,2021-04-23 20:53:01,7.9333,38.7167,71.04,64,100,6.2,light rain
400,Raudeberg,NO,2021-04-23 20:53:02,61.9875,5.1352,35.01,85,67,13.31,broken clouds
401,Anton Lizardo,MX,2021-04-23 20:53:02,19.05,-95.9833,89.6,58,20,10.36,few clouds
402,Talnakh,RU,2021-04-23 20:52:47,69.4865,88.3972,31.51,97,100,10.27,snow
403,Lima,PE,2021-04-23 20:50:05,-12.0432,-77.0282,70.0,77,40,9.22,scattered clouds
404,Hualmay,PE,2021-04-23 20:53:03,-11.0964,-77.6139,70.39,79,36,8.7,scattered clouds
405,Seymchan,RU,2021-04-23 20:53:03,62.8833,152.4333,16.25,87,100,14.03,light snow
406,Bilibino,RU,2021-04-23 20:53:03,68.0546,166.4372,18.23,87,100,4.07,overcast clouds
407,Vanimo,PG,2021-04-23 20:53:04,-2.6741,141.3028,77.31,88,100,4.21,light rain
408,Nanortalik,GL,2021-04-23 20:53:04,60.1432,-45.2371,36.77,85,17,3.51,few clouds
409,Waingapu,ID,2021-04-23 20:53:04,-9.6567,120.2641,74.46,82,1,6.06,clear sky
410,Hovd,MN,2021-04-23 20:53:05,48.0056,91.6419,30.16,48,0,3.22,clear sky
411,Marrakesh,MA,2021-04-23 20:53:01,31.6315,-8.0083,71.6,43,40,10.36,scattered clouds
412,Bredy,RU,2021-04-23 20:53:05,52.4153,60.3411,45.55,66,100,14.67,overcast clouds
413,Luleburgaz,TR,2021-04-23 20:53:05,41.4039,27.3592,55.4,88,0,6.91,clear sky
414,Ayan,RU,2021-04-23 20:53:06,56.45,138.1667,24.15,79,97,6.17,overcast clouds
415,Tashtagol,RU,2021-04-23 20:53:06,52.7657,87.8894,23.74,95,39,1.32,scattered clouds
416,Alice Springs,AU,2021-04-23 20:49:53,-23.7,133.8833,44.6,76,0,3.44,clear sky
417,Narasannapeta,IN,2021-04-23 20:53:06,18.4167,84.05,79.41,84,98,2.62,overcast clouds
418,Ewa Beach,US,2021-04-23 20:53:07,21.3156,-158.0072,82.4,47,75,10.36,broken clouds
419,Palasa,IN,2021-04-23 20:53:07,18.7667,84.4167,78.89,87,70,5.39,broken clouds
420,Straumen,NO,2021-04-23 20:53:08,63.8709,11.2999,37.0,80,40,8.05,light snow
421,Tanete,ID,2021-04-23 20:53:08,-3.9443,119.7848,73.63,96,99,2.17,overcast clouds
422,Mnogovershinnyy,RU,2021-04-23 20:53:08,53.9353,139.9242,22.42,85,5,4.18,clear sky
423,Kuandian,CN,2021-04-23 20:53:09,40.7286,124.7847,49.48,84,100,4.27,overcast clouds
424,Makakilo City,US,2021-04-23 20:53:09,21.3469,-158.0858,82.4,47,75,10.36,broken clouds
425,Seoul,KR,2021-04-23 20:48:19,37.5683,126.9778,60.8,36,0,8.05,clear sky
426,Savonlinna,FI,2021-04-23 20:53:09,61.8699,28.88,35.6,93,75,8.05,broken clouds
427,Lamu,KE,2021-04-23 20:53:10,-2.2717,40.902,80.33,80,85,10.38,overcast clouds
428,Jamame,SO,2021-04-23 20:53:10,0.0722,42.7506,80.37,80,96,8.32,light rain
429,Pavlivka,UA,2021-04-23 20:53:10,49.4414,28.4596,38.07,74,67,7.7,broken clouds
430,Asau,RO,2021-04-23 20:53:11,46.4333,26.4,37.0,66,42,3.0,scattered clouds
431,Lensk,RU,2021-04-23 20:53:11,60.7253,114.9278,31.73,91,99,11.95,overcast clouds
432,Salinas,US,2021-04-23 20:51:02,36.6777,-121.6555,62.6,55,90,9.22,overcast clouds
433,Impfondo,CG,2021-04-23 20:53:12,1.6381,18.0667,71.31,97,100,2.06,overcast clouds
434,Porkhov,RU,2021-04-23 20:53:12,57.765,29.5561,37.4,93,75,8.95,broken clouds
435,Port Hedland,AU,2021-04-23 20:53:12,-20.3167,118.5667,69.8,37,0,8.05,clear sky
436,Puerto Madryn,AR,2021-04-23 20:53:12,-42.7692,-65.0385,61.52,45,2,18.57,clear sky
437,Upington,ZA,2021-04-23 20:53:13,-28.4478,21.2561,69.8,24,0,6.91,clear sky
438,Villaviciosa,ES,2021-04-23 20:53:13,43.4813,-5.4357,64.99,56,57,5.41,broken clouds
439,Fountain Hills,US,2021-04-23 20:53:13,33.6117,-111.7174,82.0,25,1,10.85,clear sky
440,Aripuana,BR,2021-04-23 20:53:14,-9.1667,-60.6333,78.66,92,95,1.05,overcast clouds
441,Jiwani,PK,2021-04-23 20:53:14,25.05,61.7417,81.79,76,78,13.89,broken clouds
442,Portland,US,2021-04-23 20:50:00,45.5234,-122.6762,61.0,47,90,6.91,overcast clouds
443,Mackay,AU,2021-04-23 20:53:14,-21.15,149.2,68.0,88,90,10.36,overcast clouds
444,Lazaro Cardenas,MX,2021-04-23 20:53:15,17.9583,-102.2,85.5,45,97,11.61,overcast clouds
445,Thunder Bay,CA,2021-04-23 20:53:15,48.4001,-89.3168,59.0,50,75,20.71,broken clouds
446,Jaisalmer,IN,2021-04-23 20:53:15,26.9147,70.9181,80.02,34,0,12.08,clear sky
447,Norsup,VU,2021-04-23 20:53:16,-16.0667,167.3833,82.92,76,55,9.48,broken clouds
448,Keti Bandar,PK,2021-04-23 20:53:16,24.1447,67.4497,81.1,78,0,12.75,clear sky
449,Baghmara,IN,2021-04-23 20:53:16,23.795,86.2085,80.64,17,3,1.92,clear sky
450,Khuzdar,PK,2021-04-23 20:53:17,27.7384,66.6434,71.89,32,0,3.49,clear sky
451,Ossora,RU,2021-04-23 20:53:17,59.2353,163.0719,31.8,93,100,5.55,overcast clouds
452,Turukhansk,RU,2021-04-23 20:53:17,65.8167,87.9833,23.49,91,41,12.08,scattered clouds
453,Cairns,AU,2021-04-23 20:51:57,-16.9167,145.7667,75.2,78,100,12.66,overcast clouds
454,Kokkola,FI,2021-04-23 20:53:18,63.8385,23.1307,34.0,100,90,8.05,light rain and snow
455,Nizwa,OM,2021-04-23 20:53:18,22.9333,57.5333,79.84,19,2,3.0,clear sky
456,Kargopol,RU,2021-04-23 20:53:19,61.5071,38.9456,46.15,90,100,8.3,overcast clouds
457,Taltal,CL,2021-04-23 20:53:19,-25.4,-70.4833,64.44,73,13,5.03,few clouds
458,Namatanai,PG,2021-04-23 20:53:19,-3.6667,152.4333,77.16,86,100,4.09,overcast clouds
459,Aklavik,CA,2021-04-23 20:53:19,68.2191,-135.0107,33.8,51,75,4.61,broken clouds
460,Grindavik,IS,2021-04-23 20:50:52,63.8424,-22.4338,46.4,87,90,19.57,overcast clouds
461,Baoqing,CN,2021-04-23 20:53:21,46.3317,132.2111,41.88,59,100,13.71,overcast clouds
462,Sechura,PE,2021-04-23 20:53:21,-5.5569,-80.8222,79.7,56,8,14.0,clear sky
463,Avera,US,2021-04-23 20:53:22,33.194,-82.5271,73.4,23,1,4.61,clear sky
464,Yinchuan,CN,2021-04-23 20:53:22,38.4681,106.2731,54.07,78,100,8.37,light rain
465,El Dorado,US,2021-04-23 20:53:22,38.7666,-120.5177,64.0,44,21,1.99,few clouds
466,Beira,MZ,2021-04-23 20:53:23,-19.8436,34.8389,73.4,83,20,5.84,few clouds
467,Ambon,ID,2021-04-23 20:53:23,-3.6954,128.1814,78.8,89,40,3.44,scattered clouds
468,Omboue,GA,2021-04-23 20:53:23,-1.5746,9.2618,78.21,89,92,5.86,overcast clouds
469,Biloela,AU,2021-04-23 20:53:24,-24.4167,150.5,58.62,41,68,7.23,broken clouds
470,Yambio,SS,2021-04-23 20:53:24,4.5721,28.3955,68.67,92,100,3.8,overcast clouds
471,Moyale,KE,2021-04-23 20:53:24,3.5167,39.0584,66.69,86,61,3.58,broken clouds
472,Manono,CD,2021-04-23 20:53:25,-7.3,27.4167,71.04,82,58,4.36,broken clouds
473,Deputatskiy,RU,2021-04-23 20:53:25,69.3,139.9,-1.19,92,28,3.51,scattered clouds
474,Balkanabat,TM,2021-04-23 20:53:25,39.5108,54.3671,64.47,55,62,6.51,broken clouds
475,Maumere,ID,2021-04-23 20:53:26,-8.6199,122.2111,79.32,79,28,5.61,scattered clouds
476,Sulechow,PL,2021-04-23 20:53:26,52.0836,15.6251,44.6,53,0,4.61,clear sky
477,Umm Lajj,SA,2021-04-23 20:53:26,25.0213,37.2685,84.54,42,4,5.26,clear sky
478,Honiara,SB,2021-04-23 20:53:27,-9.4333,159.95,79.79,83,46,1.72,scattered clouds
479,Buraydah,SA,2021-04-23 20:53:27,26.326,43.975,84.2,17,0,6.91,clear sky
480,Kattivakkam,IN,2021-04-23 20:53:27,13.2167,80.3167,84.2,79,40,4.61,scattered clouds
481,Bobcaygeon,CA,2021-04-23 20:53:28,44.5462,-78.542,62.6,31,20,17.27,few clouds
482,Beloha,MG,2021-04-23 20:53:28,-25.1667,45.05,70.81,77,27,8.88,scattered clouds
483,Gracac,HR,2021-04-23 20:53:28,44.3006,15.8547,57.2,30,0,9.22,clear sky
484,Rocha,UY,2021-04-23 20:53:29,-34.4833,-54.3333,66.52,83,1,9.73,clear sky
485,Srednekolymsk,RU,2021-04-23 20:53:29,67.45,153.6833,9.63,94,100,17.02,light snow
486,San Quintin,MX,2021-04-23 20:53:29,30.4833,-115.95,63.48,64,15,18.25,few clouds
487,Antsohihy,MG,2021-04-23 20:53:30,-14.8796,47.9875,72.79,92,96,3.62,overcast clouds
488,Muhos,FI,2021-04-23 20:53:30,64.808,25.9931,35.6,93,90,9.22,overcast clouds
489,Chardara,KZ,2021-04-23 20:53:30,41.2547,67.9692,56.12,50,76,7.23,broken clouds
490,Canavieiras,BR,2021-04-23 20:53:31,-15.675,-38.9472,76.86,80,38,5.32,scattered clouds
491,Sao Joao Da Barra,BR,2021-04-23 20:53:31,-21.6403,-41.0511,78.8,57,0,9.22,clear sky
492,Strezhevoy,RU,2021-04-23 20:53:31,60.7333,77.5889,35.6,51,0,8.95,clear sky
493,Sadovoye,RU,2021-04-23 20:53:32,47.7764,44.5089,51.31,74,41,8.81,scattered clouds
494,Sagana,KE,2021-04-23 20:53:32,-0.6667,37.2,64.27,92,94,1.77,light rain
495,Plotnikovo,RU,2021-04-23 20:53:32,55.0247,85.9436,33.8,34,0,8.95,clear sky
496,Novyy Urgal,RU,2021-04-23 20:53:33,51.0736,132.5642,28.56,60,0,4.05,clear sky
497,Katangli,RU,2021-04-23 20:53:33,51.7102,143.2326,29.39,96,100,10.22,snow
498,Matadi,CD,2021-04-23 20:53:33,-5.8167,13.45,76.08,95,99,1.72,overcast clouds
499,Whitehorse,CA,2021-04-23 20:49:51,60.7161,-135.0538,45.0,31,1,9.22,clear sky
500,Kavaratti,IN,2021-04-23 20:53:34,10.5669,72.642,83.44,73,14,8.16,few clouds
501,Itoman,JP,2021-04-23 20:53:34,26.1247,127.6694,68.0,83,75,16.11,broken clouds
502,Lorengau,PG,2021-04-23 20:53:34,-2.0226,147.2712,79.88,77,93,3.85,overcast clouds
503,Rundu,NA,2021-04-23 20:53:35,-17.9333,19.7667,64.42,39,24,6.73,few clouds
504,Nuuk,GL,2021-04-23 20:53:35,64.1835,-51.7216,32.0,86,90,2.3,overcast clouds
505,Khandyga,RU,2021-04-23 20:53:35,62.6667,135.6,8.04,88,88,3.51,overcast clouds
506,Salekhard,RU,2021-04-23 20:53:36,66.53,66.6019,29.08,96,76,6.58,broken clouds
507,Kimbe,PG,2021-04-23 20:53:36,-5.5502,150.1429,76.28,91,100,2.86,overcast clouds
508,Polyarnyy,RU,2021-04-23 20:53:36,69.1989,33.4478,32.0,74,75,6.71,light snow
509,Havoysund,NO,2021-04-23 20:53:37,70.9963,24.6622,33.8,80,75,13.8,light snow
510,San Clemente,US,2021-04-23 20:53:37,33.427,-117.612,63.0,79,31,1.99,scattered clouds
511,Sao Filipe,CV,2021-04-23 20:53:37,14.8961,-24.4956,72.34,73,47,10.07,scattered clouds
512,Ahipara,NZ,2021-04-23 20:51:51,-35.1667,173.1667,63.43,74,54,9.44,broken clouds
513,Resistencia,AR,2021-04-23 20:50:47,-27.4606,-58.9839,82.4,65,0,4.61,clear sky
514,Erbaa,TR,2021-04-23 20:53:38,40.6689,36.5675,53.6,87,0,10.36,clear sky
515,Ereymentau,KZ,2021-04-23 20:53:38,51.6199,73.1033,32.25,51,58,7.05,broken clouds
516,Roswell,US,2021-04-23 20:53:39,34.0232,-84.3616,69.01,32,1,3.44,clear sky
517,Ust-Kuyga,RU,2021-04-23 20:53:39,70.0167,135.6,0.21,99,100,4.36,overcast clouds
518,Manica,FR,2021-04-23 20:53:39,49.0,-1.1667,57.2,41,0,11.5,clear sky
519,Kanye,BW,2021-04-23 20:53:40,-24.9667,25.3327,61.29,31,1,6.46,clear sky
520,Nishihara,JP,2021-04-23 20:53:40,26.1842,127.7558,68.0,94,90,16.11,mist
521,Iskar,BG,2021-04-23 20:53:40,43.45,24.2667,51.8,62,75,9.22,broken clouds
522,Springdale,US,2021-04-23 20:53:40,36.1867,-94.1288,66.2,72,75,6.91,broken clouds
523,Shitanjing,CN,2021-04-23 20:53:41,39.2342,106.3439,50.18,91,100,13.2,moderate rain
524,Bongandanga,CD,2021-04-23 20:53:41,1.5,21.05,70.12,99,100,2.82,overcast clouds
525,Manokwari,ID,2021-04-23 20:49:26,-0.8667,134.0833,78.58,80,100,2.04,overcast clouds
526,Half Moon Bay,US,2021-04-23 20:53:42,37.4636,-122.4286,64.99,82,75,9.22,haze
527,Dingle,PH,2021-04-23 20:53:42,10.9995,122.6711,76.15,84,100,3.6,moderate rain
528,Estelle,US,2021-04-23 20:53:42,29.8458,-90.1067,75.2,69,75,20.71,broken clouds
529,Lakes Entrance,AU,2021-04-23 20:53:43,-37.8811,147.981,44.01,93,6,8.3,clear sky
530,Edson,CA,2021-04-23 20:53:43,53.5835,-116.4356,35.6,32,75,8.05,broken clouds
531,Viedma,AR,2021-04-23 20:53:44,-40.8135,-62.9967,68.83,41,58,7.58,broken clouds
532,Jieshi,CN,2021-04-23 20:53:44,22.8134,115.8257,71.38,84,1,10.87,clear sky
533,Santiago Del Estero,AR,2021-04-23 20:53:44,-27.7951,-64.2615,68.54,92,100,6.15,overcast clouds
534,Sulphur Springs,US,2021-04-23 20:50:34,33.1385,-95.6011,66.99,100,90,8.05,heavy intensity rain
535,Fort Walton Beach,US,2021-04-23 20:53:45,30.4058,-86.6188,71.6,68,90,5.75,overcast clouds
536,Tabou,CI,2021-04-23 20:53:45,4.423,-7.3528,81.48,82,98,8.7,overcast clouds
537,Camacari,BR,2021-04-23 20:53:45,-12.6975,-38.3242,80.6,78,75,6.91,moderate rain
538,Luba,GQ,2021-04-23 20:53:46,3.4568,8.5547,81.59,80,100,4.38,light rain
539,Kosino,RU,2021-04-23 20:53:46,58.4127,51.2782,41.4,91,40,6.98,scattered clouds
540,Praia Da Vitoria,PT,2021-04-23 20:53:46,38.7333,-27.0667,59.0,67,40,35.05,scattered clouds
541,Tongzi,CN,2021-04-23 20:53:47,28.7829,105.0877,68.59,96,100,4.34,light rain
542,Carballo,ES,2021-04-23 20:53:47,43.213,-8.691,64.4,77,20,4.61,few clouds
543,San Andres,CO,2021-04-23 20:53:47,12.5847,-81.7006,87.8,58,20,13.8,few clouds
544,Mutis,CO,2021-04-23 20:53:48,6.2262,-77.4044,82.54,77,94,5.01,light rain
545,Kashmor,PK,2021-04-23 20:53:48,28.4333,69.5833,79.05,20,0,10.16,clear sky
546,Kingsville,US,2021-04-23 20:53:48,27.5159,-97.8561,91.4,62,75,24.16,broken clouds
547,Arman,RU,2021-04-23 20:53:49,59.7,150.1667,28.09,89,92,3.69,overcast clouds
548,Killybegs,IE,2021-04-23 20:53:49,54.6333,-8.45,55.4,44,0,9.22,clear sky
549,Trairi,BR,2021-04-23 20:53:01,-3.2778,-39.2689,79.52,80,100,9.37,overcast clouds
550,Itaituba,BR,2021-04-23 20:53:49,-4.2761,-55.9836,89.6,66,20,2.98,few clouds
551,Baoro,CF,2021-04-23 20:53:50,5.6667,15.9667,67.6,96,100,0.58,light rain
552,Goderich,CA,2021-04-23 20:53:50,43.7501,-81.7165,55.4,47,14,9.22,few clouds
553,Puerto Escondido,MX,2021-04-23 20:51:19,15.85,-97.0667,88.18,50,100,8.95,overcast clouds
554,Puerto Carreno,CO,2021-04-23 20:50:07,6.189,-67.4859,97.72,32,77,3.22,broken clouds
555,Zambezi,ZM,2021-04-23 20:53:50,-13.5432,23.1047,68.41,57,31,3.94,scattered clouds
556,Blyznyuky,UA,2021-04-23 20:53:51,48.8578,36.5551,50.16,77,100,14.72,light rain
557,Taoudenni,ML,2021-04-23 20:53:51,22.6783,-3.9836,92.97,6,0,10.22,clear sky
558,Tiarei,PF,2021-04-23 20:53:51,-17.5333,-149.3333,84.2,65,75,4.61,light rain
559,Port Macquarie,AU,2021-04-23 20:53:52,-31.4333,152.9167,50.0,85,5,1.99,clear sky
560,Miyang,CN,2021-04-23 20:53:52,24.4042,103.4428,62.82,69,0,4.27,clear sky
561,Son La,VN,2021-04-23 20:53:52,21.3167,103.9,70.74,84,8,2.37,clear sky
562,Barmer,IN,2021-04-23 20:53:53,25.75,71.3833,81.0,35,1,16.55,clear sky
563,Atizapan,MX,2021-04-23 20:53:53,19.25,-99.55,78.8,15,75,5.75,haze
564,Safaga,EG,2021-04-23 20:53:53,26.7292,33.9365,78.8,29,0,13.8,clear sky
565,Salgar,CO,2021-04-23 20:53:54,5.965,-75.9654,66.2,72,75,4.61,broken clouds
566,Coahuayana,MX,2021-04-23 20:53:07,18.7333,-103.6833,87.8,25,1,11.5,clear sky
567,Sayyan,YE,2021-04-23 20:53:54,15.1718,44.3244,60.13,29,5,3.24,clear sky
568,Xichang,CN,2021-04-23 20:53:55,27.8964,102.2634,58.84,60,31,2.44,scattered clouds
569,Warri,NG,2021-04-23 20:53:55,5.5167,5.75,79.45,85,57,3.67,broken clouds
570,Eisenberg,DE,2021-04-23 20:53:55,50.9667,11.9,44.01,57,68,2.71,broken clouds
571,Svatove,UA,2021-04-23 20:53:56,49.4103,38.1503,50.22,81,100,10.6,light rain
572,Verkhoyansk,RU,2021-04-23 20:53:56,67.5447,133.385,2.35,97,91,2.08,overcast clouds
573,Skibotn,NO,2021-04-23 20:53:56,69.3913,20.2679,35.6,69,75,3.44,light snow
574,Guiratinga,BR,2021-04-23 20:53:56,-16.3494,-53.7583,77.14,49,0,4.59,clear sky
575,Byron Bay,AU,2021-04-23 20:53:57,-28.65,153.6167,52.0,93,1,6.22,clear sky
576,Chegdomyn,RU,2021-04-23 20:53:57,51.1167,133.0167,27.64,66,1,2.77,clear sky
577,Jalgaon,IN,2021-04-23 20:53:57,21.0167,75.5667,85.42,25,100,8.14,overcast clouds
578,Dakar,SN,2021-04-23 20:49:01,14.6937,-17.4441,69.8,88,75,13.8,broken clouds
579,Smoky Lake,CA,2021-04-23 20:53:58,54.1169,-112.4686,37.4,41,100,13.8,light rain
580,Wuwei,CN,2021-04-23 20:53:58,37.9281,102.6414,40.08,92,100,6.58,overcast clouds
581,Krasnovishersk,RU,2021-04-23 20:53:59,60.4078,57.082,38.44,97,100,3.2,overcast clouds
582,Dondo,MZ,2021-04-23 20:53:59,-19.6094,34.7431,73.4,83,20,3.69,few clouds
583,Opuwo,NA,2021-04-23 20:53:59,-18.0607,13.84,72.7,36,74,4.18,broken clouds
584,Jumla,NP,2021-04-23 20:53:59,29.2747,82.1838,45.66,79,92,6.2,overcast clouds
585,Mananara,MG,2021-04-23 20:54:00,-16.1667,49.7667,70.81,93,64,4.61,broken clouds
586,Hambantota,LK,2021-04-23 20:54:00,6.1241,81.1185,79.99,81,78,8.08,broken clouds
587,Kushiro,JP,2021-04-23 20:54:01,42.975,144.3747,40.26,79,91,10.74,overcast clouds
588,Muli,MV,2021-04-23 20:54:01,2.9167,73.5667,83.1,69,19,12.95,few clouds
589,Ayr,GB,2021-04-23 20:54:01,55.4627,-4.6339,51.01,57,0,2.3,clear sky
590,Pandan,PH,2021-04-23 20:54:02,14.0453,124.1694,77.99,86,70,3.58,broken clouds
591,Banjarmasin,ID,2021-04-23 20:54:02,-3.3244,114.591,73.4,94,34,1.14,light rain
592,Mwinilunga,ZM,2021-04-23 20:54:02,-11.7358,24.4293,61.41,84,3,3.71,clear sky
593,Abeche,TD,2021-04-23 20:54:03,13.8292,20.8324,88.47,13,50,10.51,scattered clouds
594,Cap-Aux-Meules,CA,2021-04-23 20:54:03,47.3821,-61.8597,35.6,87,100,21.85,overcast clouds
595,Valdivia,CL,2021-04-23 20:54:03,-39.8142,-73.2459,59.0,77,75,4.61,broken clouds
596,Manjacaze,MZ,2021-04-23 20:54:04,-24.7117,33.8828,64.99,95,100,1.79,light rain
597,Vardo,NO,2021-04-23 20:54:04,70.3705,31.1107,33.8,69,40,11.5,scattered clouds
598,Hirara,JP,2021-04-23 20:54:04,24.8,125.2833,72.23,74,96,23.44,overcast clouds
599,Penzance,GB,2021-04-23 20:54:05,50.1186,-5.5371,50.0,76,96,26.87,overcast clouds
600,Fereydunshahr,IR,2021-04-23 20:54:05,32.941,50.121,54.61,36,99,2.51,overcast clouds
601,Muros,ES,2021-04-23 20:54:05,42.7762,-9.0603,61.0,86,54,1.99,broken clouds
602,Dalbandin,PK,2021-04-23 20:54:06,28.8947,64.4101,77.63,8,0,4.7,clear sky
603,Frederikshavn,DK,2021-04-23 20:54:06,57.4407,10.5366,41.0,87,2,4.61,clear sky
604,Banyo,CM,2021-04-23 20:54:06,6.75,11.8167,67.68,85,51,4.12,broken clouds
605,Rozhyshche,UA,2021-04-23 20:54:07,50.9154,25.2691,39.0,78,85,4.0,overcast clouds
606,Caravelas,BR,2021-04-23 20:54:07,-17.7125,-39.2481,75.31,81,51,6.73,broken clouds
607,Oussouye,SN,2021-04-23 20:54:07,12.485,-16.5469,80.6,69,0,9.22,clear sky
608,Mitchell,US,2021-04-23 20:54:07,43.7094,-98.0298,53.6,54,90,17.27,overcast clouds
609,Ust-Maya,RU,2021-04-23 20:54:08,60.4167,134.5333,24.33,93,100,5.19,overcast clouds
610,Port-Gentil,GA,2021-04-23 20:54:08,-0.7193,8.7815,81.39,82,52,10.49,broken clouds
611,Shangzhi,CN,2021-04-23 20:54:08,45.2167,127.9667,49.86,85,100,4.72,overcast clouds
612,Praia,CV,2021-04-23 20:53:49,14.9215,-23.5087,71.6,68,20,18.41,few clouds
613,Mackenzie,CA,2021-04-23 20:54:09,55.2999,-123.1698,44.6,39,75,5.75,broken clouds
614,Azovo,RU,2021-04-23 20:54:09,54.6997,73.0237,30.2,47,0,2.24,clear sky
615,Panama City,PA,2021-04-23 20:52:17,8.9936,-79.5197,89.6,66,40,14.97,scattered clouds
616,Swellendam,ZA,2021-04-23 20:54:10,-34.0226,20.4417,50.0,93,77,4.61,broken clouds
617,At-Bashi,KG,2021-04-23 20:54:10,41.1702,75.8106,34.07,40,32,2.53,scattered clouds
618,Necochea,AR,2021-04-23 20:54:10,-38.5473,-58.7368,63.0,92,100,3.51,moderate rain
619,Pacatuba,BR,2021-04-23 20:54:11,-3.9842,-38.6203,82.99,78,20,8.05,few clouds
620,Kitgum,UG,2021-04-23 20:54:11,3.2783,32.8867,67.19,96,100,2.39,light rain
621,Lokosovo,RU,2021-04-23 20:54:11,61.1333,74.8167,33.76,87,28,8.99,scattered clouds
622,Belyy Yar,RU,2021-04-23 20:54:12,53.6039,91.3903,30.2,51,0,4.47,clear sky
623,Kaeo,NZ,2021-04-23 20:50:08,-35.1,173.7833,62.01,94,14,5.99,few clouds
624,Sur,OM,2021-04-23 20:54:12,22.5667,59.5289,86.25,33,0,16.89,clear sky
625,Clyde,US,2021-04-23 20:54:12,41.3042,-82.9752,62.01,33,100,1.01,overcast clouds
626,Islamabad,PK,2021-04-23 20:54:13,33.7104,73.1338,63.0,71,0,5.68,clear sky
627,Bend,US,2021-04-23 20:54:13,44.0582,-121.3153,64.4,13,1,3.44,clear sky
628,Mahibadhoo,MV,2021-04-23 20:54:13,3.7833,72.9667,83.23,73,31,12.59,scattered clouds
629,Fukue,JP,2021-04-23 20:54:14,32.6881,128.8419,64.6,78,97,11.14,overcast clouds
630,Pilar,BR,2021-04-23 20:54:14,-9.5972,-35.9567,78.8,83,0,6.91,clear sky
631,Comodoro Rivadavia,AR,2021-04-23 20:54:14,-45.8667,-67.5,55.4,71,40,2.3,scattered clouds
632,Chenghai,CN,2021-04-23 20:54:15,23.4632,116.768,69.8,78,0,5.59,clear sky
633,Yerbogachen,RU,2021-04-23 20:54:15,61.2767,108.0108,27.82,87,95,6.49,overcast clouds
634,Svay Rieng,KH,2021-04-23 20:54:15,11.0879,105.7993,78.01,85,99,5.14,overcast clouds
635,Gazojak,TM,2021-04-23 20:54:16,41.1875,61.4036,71.92,12,100,9.6,overcast clouds
636,Tabuny,RU,2021-04-23 20:54:16,52.7773,78.7896,33.6,66,3,7.52,clear sky
637,Henties Bay,NA,2021-04-23 20:54:16,-22.116,14.2845,63.0,86,6,5.91,clear sky
638,Palu,ID,2021-04-23 20:54:16,-0.8917,119.8707,73.92,94,59,3.18,broken clouds
639,Chara,RU,2021-04-23 20:54:17,56.9064,118.2631,17.92,78,20,3.06,few clouds
640,Okmulgee,US,2021-04-23 20:53:27,35.6234,-95.9605,66.2,63,90,14.97,light rain
641,Kusti,SD,2021-04-23 20:54:17,13.1629,32.6635,89.73,18,30,6.17,scattered clouds
642,Buin,CL,2021-04-23 20:54:17,-33.7333,-70.75,59.0,76,90,2.3,mist
643,Fort Saint James,CA,2021-04-23 20:54:18,54.4333,-124.25,48.47,35,67,4.38,broken clouds
644,Coaldale,CA,2021-04-23 20:54:18,49.7167,-112.6185,37.99,51,75,4.61,broken clouds
645,Termiz,UZ,2021-04-23 20:53:25,37.2242,67.2783,59.0,38,0,6.91,clear sky
646,Carutapera,BR,2021-04-23 20:54:19,-1.195,-46.02,78.04,90,82,5.46,moderate rain
647,Leua,SK,2021-04-23 20:54:19,48.2156,18.6071,45.0,59,1,7.0,clear sky
648,Tarut,SA,2021-04-23 20:54:19,26.5733,50.0369,80.6,41,0,3.44,clear sky
649,Pak Chong,TH,2021-04-23 20:54:19,14.708,101.4161,84.99,77,71,3.27,broken clouds
650,Horsham,GB,2021-04-23 20:54:20,51.064,-0.3272,46.4,66,0,9.22,clear sky
651,Mlalo,TZ,2021-04-23 20:54:20,-4.9333,38.9333,74.17,87,6,5.53,clear sky
652,Praxedis Guerrero,MX,2021-04-23 20:54:20,31.3667,-106.0167,75.0,8,1,16.11,clear sky
653,Marsh Harbour,BS,2021-04-23 20:54:21,26.5412,-77.0636,73.58,70,49,14.99,scattered clouds
654,Hare Bay,CA,2021-04-23 20:54:21,48.8499,-54.0148,44.6,45,48,13.8,scattered clouds
655,Mahuva,IN,2021-04-23 20:54:21,21.0914,71.7622,82.54,47,99,8.08,overcast clouds
656,Hay River,CA,2021-04-23 20:53:26,60.8156,-115.7999,21.2,58,100,12.66,overcast clouds
657,Mahebourg,MU,2021-04-23 20:54:22,-20.4081,57.7,78.8,78,75,10.36,light rain
658,Totness,SR,2021-04-23 20:54:22,5.8833,-56.3167,77.99,87,100,12.1,moderate rain
659,Phalombe,MW,2021-04-23 20:54:22,-15.8064,35.6507,61.16,91,3,1.92,clear sky
660,Kieta,PG,2021-04-23 20:54:23,-6.2167,155.6333,78.91,83,99,1.07,overcast clouds
661,Jacmel,HT,2021-04-23 20:54:23,18.2342,-72.5347,87.8,55,20,11.5,few clouds
662,Birnin Kebbi,NG,2021-04-23 20:54:23,12.4539,4.1975,94.78,26,97,6.89,overcast clouds
663,Inhambane,MZ,2021-04-23 20:54:24,-23.865,35.3833,68.99,81,68,4.59,moderate rain
664,Texas City,US,2021-04-23 20:54:24,29.3838,-94.9027,75.2,83,90,19.57,haze
665,Dukhovnitskoye,RU,2021-04-23 20:54:24,52.4828,48.2137,45.81,90,100,3.6,overcast clouds
666,Chifeng,CN,2021-04-23 20:54:25,42.2683,118.9636,50.29,77,100,5.41,overcast clouds
667,Baykit,RU,2021-04-23 20:54:25,61.67,96.37,26.56,94,74,2.42,broken clouds
668,Grand-Santi,GF,2021-04-23 20:54:25,4.25,-54.3833,76.82,96,93,4.18,moderate rain
669,Nadym,RU,2021-04-23 20:54:25,65.5333,72.5167,34.63,99,100,11.95,overcast clouds
